id,word_id,sense_id,form_type,form_text,source_id,human_review
57108ec8-c8be-51b9-af14-c7ba78938e0d,b03af018-138b-5e4c-a472-5560a28b9703,a21ce8dc-720e-597f-b69f-1230eec33f6a,plural,families,20bba4df-8a16-5e63-b73e-951692d95379,false
e1f2c32b-2cf5-55a3-bb51-287f8b7b173d,c7b71309-71b9-5cda-a712-b4ae6f288c90,52f765e5-e468-5d65-9e23-32fe2e05d59a,plural,parents,20bba4df-8a16-5e63-b73e-951692d95379,false
33f0e8b9-5bee-5cb8-98fc-b7f2b46515a6,ee707d60-b7d5-5a2d-918d-5d4a8f88d83d,4f6ac419-d836-541b-ae0d-76642b0975f9,plural,mothers,20bba4df-8a16-5e63-b73e-951692d95379,false
80d36bb6-234f-591e-ac19-870e14f41e05,9bb02efc-bc28-5080-8bc9-4474df8e0147,3c6d20e2-e4f3-5afc-8058-e75033bf5972,plural,children,20bba4df-8a16-5e63-b73e-951692d95379,false
7c38d7f9-af28-55a7-baf8-5f1e65126386,980eb914-7cd7-5ffa-8097-bace94f18edf,3020574e-73de-51f6-a10f-bc5ac51d3680,plural,fathers,20bba4df-8a16-5e63-b73e-951692d95379,false
2b21364e-f5bb-5b57-a3f5-cc1593d8aac6,67b1a04e-7214-510d-ad64-559dbb9af7da,df621dde-0b01-5bdf-a9b5-6d99ec8cc815,plural,sons,20bba4df-8a16-5e63-b73e-951692d95379,false
4d777364-7aa3-5ad6-95ca-ddc2da4bd4d8,62ef2aeb-e532-54b6-8a8a-65714fb6b524,c87a4cda-23e1-5c98-8efe-0ec654a4be4c,plural,daughters,20bba4df-8a16-5e63-b73e-951692d95379,false
6f85fff8-6e1d-5c6c-bc20-f4c9e0523147,43647738-b133-5d8a-bd8f-3318808d95f5,ea790ea2-3091-590a-9382-4a34110050b5,plural,babies,20bba4df-8a16-5e63-b73e-951692d95379,false
0d618372-8da7-5864-ace0-06b911b08b1c,e819ed39-0972-5e46-9f6e-a666bd33d521,bab89739-8d84-56fd-bae0-7b57f736aa43,plural,brothers,20bba4df-8a16-5e63-b73e-951692d95379,false
0bab49e6-436a-5b52-a070-1b3fce0b33ec,5e796aa6-34f0-567b-8ffe-88798986783e,ab1e57cb-ae3e-580e-a4f3-30f59714de7c,plural,dads,20bba4df-8a16-5e63-b73e-951692d95379,false
cc6f1d87-9025-5845-8b13-701a99e91089,435264b6-1c58-587e-8a11-0d29278ec391,f1d7dd00-b6f5-5c36-8884-74d7a1a5a48b,plural,husbands,20bba4df-8a16-5e63-b73e-951692d95379,false
05252597-53a1-5590-bcc0-50b96d64f27a,02ed640a-e6b4-5ec4-a19a-59b9bc178d75,c64a79e5-483d-5352-b614-92ed0ffb6196,plural,wives,20bba4df-8a16-5e63-b73e-951692d95379,false
a216ad99-db3f-528d-bfa2-5d9c08ff54a2,db2ade4d-7860-50fb-aff3-3ee580817824,984a8d58-de7e-54cf-96cf-391d0991b6eb,plural,sisters,20bba4df-8a16-5e63-b73e-951692d95379,false
8ec81c1a-3383-5cb7-a8bc-c286decf0945,8d608264-f4c6-5260-9778-58905566cb06,464a2429-5933-547e-8a0a-b02f137222c7,plural,couples,20bba4df-8a16-5e63-b73e-951692d95379,false
48f4e55e-695c-5272-8914-ddb90b06f648,9de3bbdc-b298-5665-8209-eab713778aeb,409986c8-ffcc-53b7-aace-b384482ff18c,plural,adults,20bba4df-8a16-5e63-b73e-951692d95379,false
d7b4dd41-fad1-5d0f-a2a8-e30d367f6c3e,245d2d61-2f57-571e-96d1-500d63d0d20f,e1bcf777-956c-5d38-a71e-250e52b99b59,plural,persons,20bba4df-8a16-5e63-b73e-951692d95379,false
c524e609-ddeb-59fe-bbe9-b3790beb2718,d033c83a-e3c4-5238-bf32-65690bab8769,c6e0f7e8-2f18-5d03-b237-ea25fc5107e4,plural,aunts,20bba4df-8a16-5e63-b73e-951692d95379,false
65a04cb4-1900-5ef9-a96d-419135e718c8,69c047e0-4eb6-5bec-b17d-5c250bb8776f,69792b86-17a5-5f99-9911-cf5c1bd0aa3d,plural,boys,20bba4df-8a16-5e63-b73e-951692d95379,false
6be111fa-e0bc-5903-bd64-62e670a6a338,b6567532-9167-5259-8671-370e6fc9effe,458a2405-f0ad-53a0-a1c5-663fbd569b0a,plural,girls,20bba4df-8a16-5e63-b73e-951692d95379,false
039fd694-d295-5d2c-93d4-7959c1f0113d,960cf6f5-8c18-5420-995f-c32d350ee8ec,4c80dff6-1e30-561b-9f6c-6d34609a9b22,plural,marriages,20bba4df-8a16-5e63-b73e-951692d95379,false
5ecd4f13-ab4a-5766-8ec0-f99c6cf595d9,86c33fe3-6a67-5ac9-838f-3ec9459d32ef,0befb6d0-3c67-523f-9830-41b1ba30d733,plural,uncles,20bba4df-8a16-5e63-b73e-951692d95379,false
7ebf586b-f3d7-5092-b573-e95837abd770,6c094c1b-0d76-52a0-b23a-95dbc28ac071,30cf9efc-ebe2-5a85-853c-4789e422407d,plural,cousins,20bba4df-8a16-5e63-b73e-951692d95379,false
11303b5a-11da-5948-920d-8efba73a0ed5,5222eec8-3263-5d43-9a1c-66ab518a8235,6f670f3e-dc90-5273-967f-5e1d0e4fb54a,plural,men,20bba4df-8a16-5e63-b73e-951692d95379,false
58ee109c-d697-5d9a-afa0-eaa61f064e21,a5add6cd-d6df-551c-945d-db3f197f5196,f9592995-d353-53be-8469-a7ea8dbc5de1,plural,women,20bba4df-8a16-5e63-b73e-951692d95379,false
ad2d2cc2-e820-5ea7-acdb-731338bfec74,08069a74-67c7-5a93-9cff-eaeb279801d7,ec9f082c-42d4-56e9-a7a3-7ad8e038728d,plural,ages,20bba4df-8a16-5e63-b73e-951692d95379,false
e04558be-4808-5908-8592-8c858470498d,5ca7d27e-dad7-58e7-b8b1-9897bd4e9101,59201284-fb3a-54a7-9a11-bb0827260e87,plural,relatives,20bba4df-8a16-5e63-b73e-951692d95379,false
9fb7e88d-85af-5b42-b0ca-44fda29800f5,80fdccb7-9b36-51e4-af3c-08942d5baf86,b9d1927f-8156-53f9-ab7e-a03dd49a3ec8,plural,grandmothers,20bba4df-8a16-5e63-b73e-951692d95379,false
09536fad-4727-5f16-96bf-663b20cf6fb9,63a7a852-b17f-50b2-b596-030f7a1b7dad,4c1c4ca1-9c12-5d99-9a7a-945083c7efaa,plural,grandfathers,20bba4df-8a16-5e63-b73e-951692d95379,false
87bca59e-51fc-5431-b580-9a4dd2dbff24,45937cfa-3396-5908-980c-8023e09ebb79,3f4c9516-cf61-5007-8264-385a2c38c3ca,plural,friends,20bba4df-8a16-5e63-b73e-951692d95379,false
4a5046f5-6474-52a5-91f7-dec2a78c1731,845637d6-e9f8-51ca-80b6-b38045e2353b,0b3f2002-c5a5-52d9-b4ca-c72d24e495a9,plural,kids,20bba4df-8a16-5e63-b73e-951692d95379,false
0b6fce03-4688-58e3-86a5-4e0759410c88,4bb7f3d5-d530-508b-9972-9105169c390c,90c36f21-c660-586d-844c-44e84b41534f,plural,moms,20bba4df-8a16-5e63-b73e-951692d95379,false
45f22566-4887-57fe-8ed2-74d571aa9527,cdfbf235-2779-5e22-b163-78f9b9c46ce3,dc20cba3-d589-5996-a220-bab69f868f9b,plural,names,20bba4df-8a16-5e63-b73e-951692d95379,false
d8226dfe-ddab-5e23-ba3e-7db33d420921,18265749-8be3-59a3-a27d-a100f180c535,3b4751c0-c42d-58a3-8492-fef90debae3a,comparative,younger,20bba4df-8a16-5e63-b73e-951692d95379,false
8c7db586-66ec-52b0-ab67-b49d887e11d1,18265749-8be3-59a3-a27d-a100f180c535,3b4751c0-c42d-58a3-8492-fef90debae3a,superlative,youngest,20bba4df-8a16-5e63-b73e-951692d95379,false
c586e9c7-ec71-5331-a94f-f9108dc2d025,8348132d-143f-597a-b92c-400f61838f70,7b0b962f-ca73-5289-8ab7-b1b27d15b765,plural,grandparents,20bba4df-8a16-5e63-b73e-951692d95379,false
da6b0a5e-3739-566f-a62b-feba8912f817,f6d19303-501f-5884-807a-fe16e15e6275,8d767542-c08d-5124-a263-af8ed8093e72,comparative,older,20bba4df-8a16-5e63-b73e-951692d95379,false
2f7d8821-b1a8-530c-92f6-5b9d7f4d0675,f6d19303-501f-5884-807a-fe16e15e6275,8d767542-c08d-5124-a263-af8ed8093e72,superlative,oldest,20bba4df-8a16-5e63-b73e-951692d95379,false
a0446189-7449-59f9-8cf5-7b68f88b10cd,8d126e0d-7b39-5dda-ab2f-9fe100a0abaf,4d9bca1a-6d25-574d-86a9-c33b0a5ad9ff,plural,partners,20bba4df-8a16-5e63-b73e-951692d95379,false
eead9100-464a-5456-a4ea-19e353d7417b,8604dd35-e3fc-542a-b60c-af331a8890d9,08dd3a2f-4c5f-5224-a479-788cb15b004f,plural,teenagers,20bba4df-8a16-5e63-b73e-951692d95379,false
40d2256e-5c71-56ce-8329-e1c4743e1844,850bd623-5a93-564d-9f43-1ea7bb5ff93d,2281d0a2-880f-5a04-8370-dd0703af0688,plural,twins,20bba4df-8a16-5e63-b73e-951692d95379,false
8f69ab26-1909-50b7-bbd3-1962521dbb9f,eaa173fe-d3da-5905-8b9a-c708616dc66d,2ab36c75-6ca0-5b18-912d-66b49c27aca6,plural,grandsons,20bba4df-8a16-5e63-b73e-951692d95379,false
a4af291b-0d31-57a9-8ec6-f4b1b458a2ba,40b482b7-6a7b-5ad9-9d9a-78e25ce4386e,7bead368-6855-512e-b445-1973a2a9ab8a,plural,granddaughters,20bba4df-8a16-5e63-b73e-951692d95379,false
cd699438-2475-5904-a5d2-abc3b067d65e,a161301c-9b89-53e0-b3cf-fe7acffc2d80,2044a5e1-74c9-5b65-a8cd-d0ff3cdbe70c,plural,nephews,20bba4df-8a16-5e63-b73e-951692d95379,false
c406bf9a-1216-5174-b418-4f96e30bbbed,f3c25cb9-3068-501c-a260-bf84614f3eb2,dfd86877-919a-5fa2-a026-bb346e510e25,plural,neighbors,20bba4df-8a16-5e63-b73e-951692d95379,false
0d8594f1-1538-572b-ac64-229c4d23d5e0,c3dc1d92-e848-50fc-87a4-7e1a8cb4a65e,bead0702-e45d-5604-8202-988dafe1c562,plural,nieces,20bba4df-8a16-5e63-b73e-951692d95379,false
5dc01050-3617-5243-8380-f7ba31aa0773,7f0d63b4-1a36-5a19-ab14-9677464ceb23,538f9710-2133-5372-9d79-c0975840a82d,comparative,shorter,20bba4df-8a16-5e63-b73e-951692d95379,false
5a7fef79-0e77-5b31-b066-f190257b3eb4,7f0d63b4-1a36-5a19-ab14-9677464ceb23,538f9710-2133-5372-9d79-c0975840a82d,superlative,shortest,20bba4df-8a16-5e63-b73e-951692d95379,false
eeb0393b-e15f-5e50-b729-63845faab975,a9503178-6954-52ef-a1b9-d2df7631db13,52411c24-8286-5f2d-8caf-2e2c3c6a948a,past,grew,20bba4df-8a16-5e63-b73e-951692d95379,false
ef772337-0b96-55f4-8eb2-68f420e1a3ce,a9503178-6954-52ef-a1b9-d2df7631db13,52411c24-8286-5f2d-8caf-2e2c3c6a948a,past_participle,grown,20bba4df-8a16-5e63-b73e-951692d95379,false
8bbbccaa-6d14-57f5-a2a2-1e6e6a7fa9f8,a9503178-6954-52ef-a1b9-d2df7631db13,52411c24-8286-5f2d-8caf-2e2c3c6a948a,present_participle,growing,20bba4df-8a16-5e63-b73e-951692d95379,false
f6ff002b-948f-5336-ac53-9fff8854db9b,a9503178-6954-52ef-a1b9-d2df7631db13,52411c24-8286-5f2d-8caf-2e2c3c6a948a,third_person_singular,grows,20bba4df-8a16-5e63-b73e-951692d95379,false
c77f7710-4b65-58a7-bde8-c3e28be5e3b1,2b6435ed-c8ea-582d-850a-a5e0199eb902,56dcf74b-2a92-52cb-a03d-4203ecb35e10,plural,births,20bba4df-8a16-5e63-b73e-951692d95379,false
50e6ff46-f127-5aa0-82bb-ad505ce1f797,0799fa25-b89f-5d03-b2c9-437b1b5f7e5b,04cba3c7-2e01-5920-9389-9d285c7ef90a,comparative,heavier,20bba4df-8a16-5e63-b73e-951692d95379,false
5b029699-002b-5a89-a51b-1f423b03c28c,0799fa25-b89f-5d03-b2c9-437b1b5f7e5b,04cba3c7-2e01-5920-9389-9d285c7ef90a,superlative,heaviest,20bba4df-8a16-5e63-b73e-951692d95379,false
96ecbdc9-6cf1-5fcb-ad52-8caf934ed2e0,a238064d-9387-5cf4-9e61-889ecb45e554,edeaa218-22a5-5fb1-96ad-d20f771264ec,comparative,stronger,20bba4df-8a16-5e63-b73e-951692d95379,false
1707cf4e-7cb2-5f8d-adb2-c8f985d47ad1,a238064d-9387-5cf4-9e61-889ecb45e554,edeaa218-22a5-5fb1-96ad-d20f771264ec,superlative,strongest,20bba4df-8a16-5e63-b73e-951692d95379,false
08a4913b-c6c4-5a58-8e58-44663d017e8f,d6751365-562a-53ee-a4eb-51492f88bdf0,ee9fa651-a20f-58d4-949e-c37d68ce5e16,plural,heights,20bba4df-8a16-5e63-b73e-951692d95379,false
79840991-a49d-5e9c-a2af-082472e59a68,79413cef-e6d8-5960-b0d6-a7549a2fd493,5bafa0f3-f622-58da-ab90-bedc0ea45dd1,plural,faces,20bba4df-8a16-5e63-b73e-951692d95379,false
3403d618-dd5c-5aca-97ed-cddcfd8e79d6,faf6f852-71b5-5fbc-9a09-844ea677e9f4,e2ea3ab6-9341-51b3-8d40-ff47c6858f40,plural,eyes,20bba4df-8a16-5e63-b73e-951692d95379,false
0c885a83-036b-50e9-87e6-58ae4076a7a2,1e735186-065b-5ab4-9de9-b9f712d12944,899cf71a-9d34-55ac-972b-fd2f3cb32203,comparative,taller,20bba4df-8a16-5e63-b73e-951692d95379,false
14af0587-4915-500f-be5d-a3eb50c46d6e,1e735186-065b-5ab4-9de9-b9f712d12944,899cf71a-9d34-55ac-972b-fd2f3cb32203,superlative,tallest,20bba4df-8a16-5e63-b73e-951692d95379,false
4de54231-7c69-51a6-aff6-add830694a99,be5a5850-b0c3-54e0-af4d-b69716d468e6,02e65940-25cc-5ab2-82f5-766056214ab1,superlative,prettiest,20bba4df-8a16-5e63-b73e-951692d95379,false
22eecc0c-8640-57c7-bad2-609aabf1db46,be5a5850-b0c3-54e0-af4d-b69716d468e6,02e65940-25cc-5ab2-82f5-766056214ab1,comparative,prettier,20bba4df-8a16-5e63-b73e-951692d95379,false
3f258740-496b-57b5-b615-0a59590805fc,17008d3d-2fb1-502c-a481-05eee3812272,619174b4-e9f0-507f-98ae-45d7fc7f7c5c,comparative,thinner,20bba4df-8a16-5e63-b73e-951692d95379,false
4713b0e4-2e69-59a2-8d3a-dc084aef3f83,17008d3d-2fb1-502c-a481-05eee3812272,619174b4-e9f0-507f-98ae-45d7fc7f7c5c,superlative,thinnest,20bba4df-8a16-5e63-b73e-951692d95379,false
b2be658c-db78-558e-8824-bdcba4f6178e,1aeb3361-4bac-5f9d-b4dd-a3556f0f575d,3da62256-c643-5307-9958-89b6f43ba525,comparative,healthier,20bba4df-8a16-5e63-b73e-951692d95379,false
2c950376-1cc8-5227-8a09-fde7e8b8574c,1aeb3361-4bac-5f9d-b4dd-a3556f0f575d,3da62256-c643-5307-9958-89b6f43ba525,superlative,healthiest,20bba4df-8a16-5e63-b73e-951692d95379,false
a64b0cec-83ad-55db-b7e3-e5eb83355969,f266ac47-11b0-5e60-9a1d-437534a05ecd,f8470e60-0e8c-56bd-914e-c557612687d7,comparative,weaker,20bba4df-8a16-5e63-b73e-951692d95379,false
60d3db6a-37bf-53a4-accc-7b79737e6e5d,f266ac47-11b0-5e60-9a1d-437534a05ecd,f8470e60-0e8c-56bd-914e-c557612687d7,superlative,weakest,20bba4df-8a16-5e63-b73e-951692d95379,false
37dcf3c3-fa49-541d-81e1-acd6729e96dd,797332ab-a150-5b16-8553-ea284a052e1c,35493e1c-2884-5b0e-af70-68914b90ef25,plural,hands,20bba4df-8a16-5e63-b73e-951692d95379,false
3a435c50-4593-5d98-9f66-f755a7fb2fe1,98083952-a3dd-5fae-ba0d-6b3afaa840ca,6e64c985-ff2a-5a01-9124-ecbc3646c82f,plural,feet,20bba4df-8a16-5e63-b73e-951692d95379,false
3d714d06-d1b9-5dbb-b057-134c831613b4,0628a3aa-c60d-5033-b4ba-a6e3ee73b2b7,d1ed4a9c-7842-5414-9de5-8f400b5662f6,plural,heads,20bba4df-8a16-5e63-b73e-951692d95379,false
e10775ad-7ba9-5e1c-aa79-b543bffbd958,15a42da7-5147-5479-9335-9f8eaaea45e2,4d821d2d-3e86-5b54-b816-520d416ff979,plural,bodies,20bba4df-8a16-5e63-b73e-951692d95379,false
ef2a5183-dd29-555b-9ab2-c258f5cf5f52,1cb14623-1200-5ba7-a056-f2deff8b2cff,947e0e3a-a3f0-5bf0-af58-dc9480d04017,plural,arms,20bba4df-8a16-5e63-b73e-951692d95379,false
27d4a138-0e6c-59cc-864d-71fd690cc5c0,3833f038-4cc6-5319-b24c-0acd97f6cae7,b484ebee-6873-5b66-94a7-25f82a549c06,plural,noses,20bba4df-8a16-5e63-b73e-951692d95379,false
23165542-8d59-5b88-b269-4d87893d5e0f,3c6e83b7-618d-57fa-8e52-50a19dadd32f,7c0ffc26-c970-5638-94ad-7d256b25dd8d,plural,mouths,20bba4df-8a16-5e63-b73e-951692d95379,false
39667209-400c-5881-87b2-c0e2babff85d,90585c4f-48f5-559c-8316-ea13c588c04c,f35b3ef4-4f5c-5ac8-bdc5-585516c726c0,plural,ears,20bba4df-8a16-5e63-b73e-951692d95379,false
8182c6f3-37d5-5334-9d77-e1cc4b67b943,432fe844-b79d-537b-8462-3c15ddb37834,93cf2c78-8fd9-57e9-939e-2b9da00cd239,plural,legs,20bba4df-8a16-5e63-b73e-951692d95379,false
32b5a7fc-86d2-5757-b399-267882bcdcba,3ed5237b-36e6-53e4-8573-a966df7525fa,450550ba-e299-5612-a11b-89aa0b30f03f,plural,teeth,20bba4df-8a16-5e63-b73e-951692d95379,false
9e3bb28f-c104-58c3-b779-81f5f0e0a07b,960743a8-92c0-5f06-b3b2-678fae636019,244be9df-1d0d-5f95-99fc-c3a34f45c3f2,plural,looks,20bba4df-8a16-5e63-b73e-951692d95379,false
d9560d65-75e9-5558-9ed2-623d55adb33a,81f8e222-59c9-5600-8954-245c78d2fca4,81d3908d-2fed-5641-8960-ca7e2f7e01f8,past,laughed,20bba4df-8a16-5e63-b73e-951692d95379,false
f6191cc1-b674-5101-a5dd-0fe85a702055,81f8e222-59c9-5600-8954-245c78d2fca4,81d3908d-2fed-5641-8960-ca7e2f7e01f8,present_participle,laughing,20bba4df-8a16-5e63-b73e-951692d95379,false
d171d94e-0b63-5311-b1c7-9d20ffa464a3,81f8e222-59c9-5600-8954-245c78d2fca4,81d3908d-2fed-5641-8960-ca7e2f7e01f8,third_person_singular,laughs,20bba4df-8a16-5e63-b73e-951692d95379,false
1ccab54f-893b-5ab1-8213-f92b06a4fd84,81f8e222-59c9-5600-8954-245c78d2fca4,81d3908d-2fed-5641-8960-ca7e2f7e01f8,past_participle,laughed,20bba4df-8a16-5e63-b73e-951692d95379,false
bd066ff2-7c9e-5c5e-91de-2ae244a326b4,b853e40a-3e3b-5721-9225-1b62770c4632,67d7c662-bb72-5c82-96ce-d131dfd0e97f,plural,voices,20bba4df-8a16-5e63-b73e-951692d95379,false
3533e264-694f-58a2-b204-1c7298ca4f8b,31c22836-e2ed-56b7-829b-9d7232a7b38f,5c515fef-fdba-5716-a3e1-f539ab48cdd9,past,smiled,20bba4df-8a16-5e63-b73e-951692d95379,false
a529f769-2569-58ab-b3a5-019bd9c60cb2,31c22836-e2ed-56b7-829b-9d7232a7b38f,5c515fef-fdba-5716-a3e1-f539ab48cdd9,present_participle,smiling,20bba4df-8a16-5e63-b73e-951692d95379,false
c08d1b77-d17c-56ab-a9b8-077d50e48ed0,31c22836-e2ed-56b7-829b-9d7232a7b38f,5c515fef-fdba-5716-a3e1-f539ab48cdd9,third_person_singular,smiles,20bba4df-8a16-5e63-b73e-951692d95379,false
220957ef-4826-54a4-8fb5-0bf652506bd1,31c22836-e2ed-56b7-829b-9d7232a7b38f,5c515fef-fdba-5716-a3e1-f539ab48cdd9,past_participle,smiled,20bba4df-8a16-5e63-b73e-951692d95379,false
81d0a919-52c3-54b5-bf6d-ddec3870fd10,dec0ef55-1ff4-5e06-9bb3-1a7e4175f022,7bae26df-f96b-5fbc-93fa-34436a3a6998,plural,appearances,20bba4df-8a16-5e63-b73e-951692d95379,false
f385c7c0-7ea0-5b6c-a976-0017db00c644,384ab201-b0e0-5299-ad2c-689a7b0efb69,a2f63f21-8d8b-50ad-bebf-8eccc7a44ad4,superlative,cutest,20bba4df-8a16-5e63-b73e-951692d95379,false
1b200c10-b2a7-522c-b7f3-4275d4f5bd34,384ab201-b0e0-5299-ad2c-689a7b0efb69,a2f63f21-8d8b-50ad-bebf-8eccc7a44ad4,comparative,cuter,20bba4df-8a16-5e63-b73e-951692d95379,false
b9f82df2-be17-5e90-baf2-5b8236d942a9,ea820e43-f956-5ddf-a55b-17b0cdc22fcb,03331618-dfd4-56c7-b9cc-44ef66b709db,superlative,most handsome,20bba4df-8a16-5e63-b73e-951692d95379,false
3f6d9823-cc13-5706-9fee-56165493e121,ea820e43-f956-5ddf-a55b-17b0cdc22fcb,03331618-dfd4-56c7-b9cc-44ef66b709db,comparative,more handsome,20bba4df-8a16-5e63-b73e-951692d95379,false
108b1b24-4a60-5144-bc3a-e9b4be77ae9a,2c24318c-5c70-5e7d-9e49-4bb171c7fce1,f977eef8-e770-5a99-871c-37d92284bc0c,plural,beards,20bba4df-8a16-5e63-b73e-951692d95379,false
0f736783-2f94-5917-98a2-9e2d2080593a,cf5f04de-92b8-5b10-873d-bf9e2f77e6d9,10b7ebce-3330-5b7b-854a-3c42d11900f0,comparative,slimmer,20bba4df-8a16-5e63-b73e-951692d95379,false
6f8467c2-b69d-5d8f-98d5-e81f123347f9,cf5f04de-92b8-5b10-873d-bf9e2f77e6d9,10b7ebce-3330-5b7b-854a-3c42d11900f0,superlative,slimmest,20bba4df-8a16-5e63-b73e-951692d95379,false
9a8dcd2a-cf70-56e0-bffc-06ee76de7980,9ecc3abc-0829-52c7-8751-8697a11a8a35,d8aa4592-9f8d-50ee-989b-e391761ce82c,past,cared,20bba4df-8a16-5e63-b73e-951692d95379,false
4a98ad70-1ff1-55c6-a03f-7ddc9f961038,9ecc3abc-0829-52c7-8751-8697a11a8a35,d8aa4592-9f8d-50ee-989b-e391761ce82c,third_person_singular,cares,20bba4df-8a16-5e63-b73e-951692d95379,false
4936b1c5-f61a-51a1-99c4-ecc2fedf9ba9,9ecc3abc-0829-52c7-8751-8697a11a8a35,d8aa4592-9f8d-50ee-989b-e391761ce82c,past_participle,cared,20bba4df-8a16-5e63-b73e-951692d95379,false
cfad9d51-04d5-53a8-9bc4-8a6981c6cc3b,9ecc3abc-0829-52c7-8751-8697a11a8a35,d8aa4592-9f8d-50ee-989b-e391761ce82c,present_participle,caring,20bba4df-8a16-5e63-b73e-951692d95379,false
00d36050-7352-572c-94ec-641638b6b2eb,23949bce-ce3a-57b5-bc72-a35066f91bc4,de4404c1-3d3b-502d-9b7a-42b14ee4769b,past_participle,supported,20bba4df-8a16-5e63-b73e-951692d95379,false
946b48e5-5b70-5ccc-b2c1-d50e16732fcb,23949bce-ce3a-57b5-bc72-a35066f91bc4,de4404c1-3d3b-502d-9b7a-42b14ee4769b,present_participle,supporting,20bba4df-8a16-5e63-b73e-951692d95379,false
2c16281c-e409-5278-8686-8ddfb04070ac,23949bce-ce3a-57b5-bc72-a35066f91bc4,de4404c1-3d3b-502d-9b7a-42b14ee4769b,third_person_singular,supports,20bba4df-8a16-5e63-b73e-951692d95379,false
07c718d2-26c5-5f95-947c-ac468d97c91a,23949bce-ce3a-57b5-bc72-a35066f91bc4,de4404c1-3d3b-502d-9b7a-42b14ee4769b,past,supported,20bba4df-8a16-5e63-b73e-951692d95379,false
88c33389-10bb-5b3e-9fd6-e10ad60de686,9a0e9ea1-8a87-57fe-9fb5-e1ab519fc5b5,a06bfa59-3158-5c65-b3e4-7f4201fd2174,past,loved,20bba4df-8a16-5e63-b73e-951692d95379,false
1de41156-2ae5-5cbf-9a5d-9263e8a4cee9,9a0e9ea1-8a87-57fe-9fb5-e1ab519fc5b5,a06bfa59-3158-5c65-b3e4-7f4201fd2174,third_person_singular,loves,20bba4df-8a16-5e63-b73e-951692d95379,false
ed32fc1b-bbae-5412-80b2-1e543e000f11,9a0e9ea1-8a87-57fe-9fb5-e1ab519fc5b5,a06bfa59-3158-5c65-b3e4-7f4201fd2174,past_participle,loved,20bba4df-8a16-5e63-b73e-951692d95379,false
1771833b-13a9-5044-be8a-315acf368f07,9a0e9ea1-8a87-57fe-9fb5-e1ab519fc5b5,a06bfa59-3158-5c65-b3e4-7f4201fd2174,present_participle,loving,20bba4df-8a16-5e63-b73e-951692d95379,false
33bbff5f-4967-5302-b927-2dc9919a4354,0092299b-5d58-5fbc-b483-461323aa2602,12de099a-b401-5b0a-ab98-9c5893ee52fa,past_participle,helped,20bba4df-8a16-5e63-b73e-951692d95379,false
08777419-903a-5b18-8fd9-abd5b49e37b4,0092299b-5d58-5fbc-b483-461323aa2602,12de099a-b401-5b0a-ab98-9c5893ee52fa,present_participle,helping,20bba4df-8a16-5e63-b73e-951692d95379,false
fa9ec8a6-35d8-55c5-84f5-a1272eab8ace,0092299b-5d58-5fbc-b483-461323aa2602,12de099a-b401-5b0a-ab98-9c5893ee52fa,past,helped,20bba4df-8a16-5e63-b73e-951692d95379,false
16907298-c29a-5548-b0ad-e673bd88088e,0092299b-5d58-5fbc-b483-461323aa2602,12de099a-b401-5b0a-ab98-9c5893ee52fa,third_person_singular,helps,20bba4df-8a16-5e63-b73e-951692d95379,false
9d23029c-9eb3-5b2b-8eab-9bf6671c679e,e408406a-e69c-56d8-b603-c6db80fbfdd9,819d1b9f-2dfb-576c-b3fc-237c007c878f,past,lived,20bba4df-8a16-5e63-b73e-951692d95379,false
f23c5036-1eb6-5725-867b-16f2e28dc992,e408406a-e69c-56d8-b603-c6db80fbfdd9,819d1b9f-2dfb-576c-b3fc-237c007c878f,present_participle,living,20bba4df-8a16-5e63-b73e-951692d95379,false
73f2c456-0299-5d4a-a37a-e8fde4dd1216,e408406a-e69c-56d8-b603-c6db80fbfdd9,819d1b9f-2dfb-576c-b3fc-237c007c878f,third_person_singular,lives,20bba4df-8a16-5e63-b73e-951692d95379,false
958635e9-a8b4-5026-8cd2-40a36bc1af8d,e408406a-e69c-56d8-b603-c6db80fbfdd9,819d1b9f-2dfb-576c-b3fc-237c007c878f,past_participle,lived,20bba4df-8a16-5e63-b73e-951692d95379,false
2d20128e-3ff4-5717-9fe2-3a09b7ca51ae,52bbe1ba-dfe0-5682-8d28-d234dd92867d,4eec6b22-7589-5961-9701-51cfa1aafedc,past_participle,shared,20bba4df-8a16-5e63-b73e-951692d95379,false
a1608f76-bd57-52da-8f52-73bd1e38c8fc,52bbe1ba-dfe0-5682-8d28-d234dd92867d,4eec6b22-7589-5961-9701-51cfa1aafedc,present_participle,sharing,20bba4df-8a16-5e63-b73e-951692d95379,false
5c7637d2-330e-55f3-9787-dc323d0107f4,52bbe1ba-dfe0-5682-8d28-d234dd92867d,4eec6b22-7589-5961-9701-51cfa1aafedc,past,shared,20bba4df-8a16-5e63-b73e-951692d95379,false
e709982b-6b4b-588f-a60e-04231b8c72cc,52bbe1ba-dfe0-5682-8d28-d234dd92867d,4eec6b22-7589-5961-9701-51cfa1aafedc,third_person_singular,shares,20bba4df-8a16-5e63-b73e-951692d95379,false
dfa820c5-60b2-5bf9-9d1a-d1aaaf35a132,09086ede-d825-5016-adae-e792304a9c4c,28173cca-fd95-5304-9bb6-3ddf5957ee80,past,visited,20bba4df-8a16-5e63-b73e-951692d95379,false
e90297a8-ce9a-5a22-ad7d-f890fcfe1d54,09086ede-d825-5016-adae-e792304a9c4c,28173cca-fd95-5304-9bb6-3ddf5957ee80,past_participle,visited,20bba4df-8a16-5e63-b73e-951692d95379,false
a4753709-98bd-53eb-afda-7187d9152758,09086ede-d825-5016-adae-e792304a9c4c,28173cca-fd95-5304-9bb6-3ddf5957ee80,present_participle,visiting,20bba4df-8a16-5e63-b73e-951692d95379,false
1781dd14-a905-5dbc-99fe-581e85418f15,09086ede-d825-5016-adae-e792304a9c4c,28173cca-fd95-5304-9bb6-3ddf5957ee80,third_person_singular,visits,20bba4df-8a16-5e63-b73e-951692d95379,false
8069f001-7358-5aed-97ae-8a6540f33ed7,18803a68-ad85-586c-bd80-ae0dd86eaf5c,04c7333b-d3de-5584-8bde-2e79d26e259c,past,met,20bba4df-8a16-5e63-b73e-951692d95379,false
67d932a4-a560-526d-a65c-2a69f6013abd,18803a68-ad85-586c-bd80-ae0dd86eaf5c,04c7333b-d3de-5584-8bde-2e79d26e259c,past_participle,met,20bba4df-8a16-5e63-b73e-951692d95379,false
6d5cf511-19b7-5c9e-a6ff-bb2b95234b53,18803a68-ad85-586c-bd80-ae0dd86eaf5c,04c7333b-d3de-5584-8bde-2e79d26e259c,present_participle,meeting,20bba4df-8a16-5e63-b73e-951692d95379,false
ce73da4c-ef41-558c-8891-635f2fb578b8,18803a68-ad85-586c-bd80-ae0dd86eaf5c,04c7333b-d3de-5584-8bde-2e79d26e259c,third_person_singular,meets,20bba4df-8a16-5e63-b73e-951692d95379,false
1fc8855d-a142-5725-b8db-ef42af8db610,ef3e4eec-660f-511a-9450-cb498b02f6f8,9cccae4b-b7b3-5314-8da7-7391d887755a,plural,relationships,20bba4df-8a16-5e63-b73e-951692d95379,false
044e96bf-4c67-5abe-802b-82a564d5f115,ff5c5a2b-0d1e-509e-b69a-f709b26e8e55,dfbbd175-590c-52bf-999a-4ad8d527b299,past,remembered,20bba4df-8a16-5e63-b73e-951692d95379,false
3873d7a7-3204-5387-a231-27d0917845c3,ff5c5a2b-0d1e-509e-b69a-f709b26e8e55,dfbbd175-590c-52bf-999a-4ad8d527b299,past_participle,remembered,20bba4df-8a16-5e63-b73e-951692d95379,false
d0abe3da-3262-5a2a-af56-c221daecbe13,ff5c5a2b-0d1e-509e-b69a-f709b26e8e55,dfbbd175-590c-52bf-999a-4ad8d527b299,present_participle,remembering,20bba4df-8a16-5e63-b73e-951692d95379,false
13e923e7-ce00-5214-b2ff-12e044fa22d0,ff5c5a2b-0d1e-509e-b69a-f709b26e8e55,dfbbd175-590c-52bf-999a-4ad8d527b299,third_person_singular,remembers,20bba4df-8a16-5e63-b73e-951692d95379,false
6d69c968-3db6-5343-a78a-c3d481f3dea8,840ea61d-9926-50cc-a9c6-78e42124dade,a2580559-3afa-52ce-ab17-e8d73a0014d3,past,knew,20bba4df-8a16-5e63-b73e-951692d95379,false
e1df28df-dbac-53df-bc7b-e84223ba0cbe,840ea61d-9926-50cc-a9c6-78e42124dade,a2580559-3afa-52ce-ab17-e8d73a0014d3,past_participle,known,20bba4df-8a16-5e63-b73e-951692d95379,false
839441d0-dd4a-503a-b3ee-212063130b10,840ea61d-9926-50cc-a9c6-78e42124dade,a2580559-3afa-52ce-ab17-e8d73a0014d3,third_person_singular,knows,20bba4df-8a16-5e63-b73e-951692d95379,false
54d49a03-5cb2-506d-8fd7-61cbef465a66,840ea61d-9926-50cc-a9c6-78e42124dade,a2580559-3afa-52ce-ab17-e8d73a0014d3,present_participle,knowing,20bba4df-8a16-5e63-b73e-951692d95379,false
4982ac14-aa92-57f3-a9ef-94d703565fba,fa87be24-490e-5e28-886f-d3b40cd3fe78,c9ffc9fe-0c71-5d2d-9fb6-f3a5a48f31e9,comparative,nicer,20bba4df-8a16-5e63-b73e-951692d95379,false
eaf2b76b-851d-5341-8675-2b8561e2897c,fa87be24-490e-5e28-886f-d3b40cd3fe78,c9ffc9fe-0c71-5d2d-9fb6-f3a5a48f31e9,superlative,nicest,20bba4df-8a16-5e63-b73e-951692d95379,false
d590507b-29e1-522f-b8ec-60ee4246380d,3a662548-5eab-5c4d-9acd-4fbf458f03ba,09d6b176-d0ed-5f51-a970-4380fe06c1ee,comparative,kinder,20bba4df-8a16-5e63-b73e-951692d95379,false
2c29ad3e-af48-56e3-b1bd-4ff31d38298d,3a662548-5eab-5c4d-9acd-4fbf458f03ba,09d6b176-d0ed-5f51-a970-4380fe06c1ee,superlative,kindest,20bba4df-8a16-5e63-b73e-951692d95379,false
8aca80b6-d534-5263-882c-2d3862edc31f,20ae840a-5074-5bbb-9947-b9d46aa75b58,5b922210-27ca-57be-abda-0340508cbd33,past_participle,respected,20bba4df-8a16-5e63-b73e-951692d95379,false
51ddf3ff-7a4b-5fa2-b7f3-f94f690a4d8a,20ae840a-5074-5bbb-9947-b9d46aa75b58,5b922210-27ca-57be-abda-0340508cbd33,past,respected,20bba4df-8a16-5e63-b73e-951692d95379,false
20ac3a9c-b170-5024-9c2c-3ef85fe43083,20ae840a-5074-5bbb-9947-b9d46aa75b58,5b922210-27ca-57be-abda-0340508cbd33,third_person_singular,respects,20bba4df-8a16-5e63-b73e-951692d95379,false
1b122502-e56b-52ee-bb1c-0112196f5dbf,20ae840a-5074-5bbb-9947-b9d46aa75b58,5b922210-27ca-57be-abda-0340508cbd33,present_participle,respecting,20bba4df-8a16-5e63-b73e-951692d95379,false
3abb011d-eb9d-5835-88a9-4215db801789,763502c3-d16b-5dc1-8c74-3ca90e395d37,5819dd44-6b1e-5b80-a5eb-5db36f865d87,plural,cultures,20bba4df-8a16-5e63-b73e-951692d95379,false
15e2a393-cea8-541c-9d1b-749b4823427d,4c91de05-4389-59fe-9424-69c9d4370c2f,65dd96a0-5d8d-55f8-803f-a93132aebd14,comparative,friendlier,20bba4df-8a16-5e63-b73e-951692d95379,false
3ae4e9b5-d050-5fca-805b-1a51872ad676,4c91de05-4389-59fe-9424-69c9d4370c2f,65dd96a0-5d8d-55f8-803f-a93132aebd14,superlative,friendliest,20bba4df-8a16-5e63-b73e-951692d95379,false
de7b7397-1745-5bf4-8d0e-ee290bfd721f,5bdcd7d7-c6a7-54be-84c1-c6c99360b012,f07dcc86-acbc-5353-bc8c-3eb0a9a2bf72,plural,communities,20bba4df-8a16-5e63-b73e-951692d95379,false
961c5cdd-632c-56c7-8c65-e11ee0395198,3d5de9e9-178c-585d-abe6-2b3197465c5e,26d32391-3e37-53b4-b891-29c1d9285b65,comparative,quieter,20bba4df-8a16-5e63-b73e-951692d95379,false
95af7278-4e50-5bec-b411-692437dee0ba,3d5de9e9-178c-585d-abe6-2b3197465c5e,26d32391-3e37-53b4-b891-29c1d9285b65,superlative,quietest,20bba4df-8a16-5e63-b73e-951692d95379,false
b8808a2e-acb2-5655-9666-ed00726fc7bf,e14d86a7-19ea-5d2f-941d-3c756dd97e34,e2b2450f-c8e9-50dd-ae7b-bfbc36ca2900,plural,roles,20bba4df-8a16-5e63-b73e-951692d95379,false
5c59cf34-1524-5071-9bde-208488024b44,bd507410-c747-5388-b0f3-4a5db9cfb720,c55f6b0b-4bde-5b39-99a7-745e348d9db4,plural,responsibilities,20bba4df-8a16-5e63-b73e-951692d95379,false
8cebaa5e-e42f-5da0-8cc5-2cb9da35edc5,55a191b8-aca3-5983-86db-d6e836ac6041,2e267928-e248-5cee-a064-2071f96b0d6e,past_participle,raised,20bba4df-8a16-5e63-b73e-951692d95379,false
55df62a8-6587-5783-8e8c-b0d22cc2e5ce,55a191b8-aca3-5983-86db-d6e836ac6041,2e267928-e248-5cee-a064-2071f96b0d6e,past,raised,20bba4df-8a16-5e63-b73e-951692d95379,false
6fe187f6-713f-5a91-bf26-8fb22423dbbd,55a191b8-aca3-5983-86db-d6e836ac6041,2e267928-e248-5cee-a064-2071f96b0d6e,present_participle,raising,20bba4df-8a16-5e63-b73e-951692d95379,false
1d1d4f57-e73e-5a40-a3d9-eee89c66dd84,55a191b8-aca3-5983-86db-d6e836ac6041,2e267928-e248-5cee-a064-2071f96b0d6e,third_person_singular,raises,20bba4df-8a16-5e63-b73e-951692d95379,false
60b199b1-a37e-5bf9-afb6-59889f876a56,29a903c4-fb19-5587-9222-229b7d17e675,a2c6a537-f34a-53d5-94c1-902d7253394a,plural,values,20bba4df-8a16-5e63-b73e-951692d95379,false
3ca0c1a0-f9d7-5cc6-9974-00a74c9904e6,12346ecb-347d-5ac5-a14f-abcf3ca1b6b1,432fbebf-fa75-5935-afbc-822855110a52,plural,arguments,20bba4df-8a16-5e63-b73e-951692d95379,false
a48f39aa-b1b0-5f1d-83d9-2949a5a90df9,c30c52f5-37d0-51d7-84ee-e38d617cc32c,3cca23d8-b659-56ce-8d2f-54e666f47509,past_participle,agreed,20bba4df-8a16-5e63-b73e-951692d95379,false
3d9984dd-4037-500d-8e66-34d53160f570,c30c52f5-37d0-51d7-84ee-e38d617cc32c,3cca23d8-b659-56ce-8d2f-54e666f47509,past,agreed,20bba4df-8a16-5e63-b73e-951692d95379,false
15cbdd4f-398e-5f71-83f3-3f582e458857,c30c52f5-37d0-51d7-84ee-e38d617cc32c,3cca23d8-b659-56ce-8d2f-54e666f47509,third_person_singular,agrees,20bba4df-8a16-5e63-b73e-951692d95379,false
4d92c30f-1283-566f-8217-c6defe845bff,c30c52f5-37d0-51d7-84ee-e38d617cc32c,3cca23d8-b659-56ce-8d2f-54e666f47509,present_participle,agreeing,20bba4df-8a16-5e63-b73e-951692d95379,false
b3940803-488a-57f1-880b-27fd888a305e,f57a35eb-6cc2-5974-ae9d-4c829b2f0b47,4c11242b-bbca-53e4-aa08-210282140112,superlative,most polite,20bba4df-8a16-5e63-b73e-951692d95379,false
d3244d62-dc87-5a0e-a425-ca68941f532c,f57a35eb-6cc2-5974-ae9d-4c829b2f0b47,4c11242b-bbca-53e4-aa08-210282140112,comparative,more polite,20bba4df-8a16-5e63-b73e-951692d95379,false
df908cf9-f4cd-5e5b-88b5-8707eee63e4c,5561dee8-433a-5567-abf3-c10bf4a81566,8fca57d7-e961-5345-8c62-efcd8547fb2d,plural,attitudes,20bba4df-8a16-5e63-b73e-951692d95379,false
4bf10ac7-fdbd-56ac-94dc-281a0056e472,e59dd8f9-3ba6-5c33-aa63-baa30b456fa1,4fed3d1a-de2a-5b8f-91e7-5e8af12eb8d1,plural,traditions,20bba4df-8a16-5e63-b73e-951692d95379,false
b7ff9d2a-5817-5b9a-9ff5-4fb163357729,b522f587-67da-5229-acd4-050cfe9f2260,6ef06b39-d11e-5274-97ce-8f9492303d9b,plural,influences,20bba4df-8a16-5e63-b73e-951692d95379,false
79e6cfa9-f2af-5e84-afc8-40fb22ce5990,034e31c9-6319-54d7-9dd1-ea86617ea1f2,1a9a484a-415f-5492-8606-7840b49fcae2,past_participle,protected,20bba4df-8a16-5e63-b73e-951692d95379,false
6482d77b-567c-5475-9419-966a1a310f22,034e31c9-6319-54d7-9dd1-ea86617ea1f2,1a9a484a-415f-5492-8606-7840b49fcae2,present_participle,protecting,20bba4df-8a16-5e63-b73e-951692d95379,false
0cf4d439-2a6c-5f11-a118-59a5a0fcdfa0,034e31c9-6319-54d7-9dd1-ea86617ea1f2,1a9a484a-415f-5492-8606-7840b49fcae2,third_person_singular,protects,20bba4df-8a16-5e63-b73e-951692d95379,false
b8d7bdae-3a30-557c-81b4-abecfa03c98e,034e31c9-6319-54d7-9dd1-ea86617ea1f2,1a9a484a-415f-5492-8606-7840b49fcae2,past,protected,20bba4df-8a16-5e63-b73e-951692d95379,false
8491739e-cdd2-5cb7-8d3c-a075f67a7fd6,0df5ff4f-0ce7-5d9e-a575-4eafce121c96,a29b0548-680f-5fd6-a4e7-339e7d3faf9c,comparative,closer,20bba4df-8a16-5e63-b73e-951692d95379,false
dbe86283-1080-52ec-b01d-122457df176b,0df5ff4f-0ce7-5d9e-a575-4eafce121c96,a29b0548-680f-5fd6-a4e7-339e7d3faf9c,superlative,closest,20bba4df-8a16-5e63-b73e-951692d95379,false
ff5b8a8f-2264-531a-ae98-c2bea02ada77,50d402e4-714a-58ba-9e9d-2653de24bb55,cafe6556-95dd-516b-b85c-c9fcf54b3058,plural,generations,20bba4df-8a16-5e63-b73e-951692d95379,false
cb219116-7e07-53f7-a560-e7c3c488c42b,a30bab2a-7eb3-5356-9953-01ed66ad915a,d12d2447-6bad-5894-aa41-5eb96f68c1db,past,disagreed,20bba4df-8a16-5e63-b73e-951692d95379,false
d053fe86-8a2c-5cdd-bc65-eca6c37b8f35,a30bab2a-7eb3-5356-9953-01ed66ad915a,d12d2447-6bad-5894-aa41-5eb96f68c1db,third_person_singular,disagrees,20bba4df-8a16-5e63-b73e-951692d95379,false
aef479cb-5490-5146-b6d8-26dde6a9094e,a30bab2a-7eb3-5356-9953-01ed66ad915a,d12d2447-6bad-5894-aa41-5eb96f68c1db,present_participle,disagreeing,20bba4df-8a16-5e63-b73e-951692d95379,false
0f7b8513-33d7-5e05-9033-1952e940a143,a30bab2a-7eb3-5356-9953-01ed66ad915a,d12d2447-6bad-5894-aa41-5eb96f68c1db,past_participle,disagreed,20bba4df-8a16-5e63-b73e-951692d95379,false
1fcb1c19-c08a-5e3b-871e-1df3ea5bb8c1,d863615e-dde9-5c7a-b774-98b41ce3b769,5484abcb-b70f-52de-8b99-c02d92a98de4,past_participle,encouraged,20bba4df-8a16-5e63-b73e-951692d95379,false
e857504c-c877-5805-9683-fd88b8181279,d863615e-dde9-5c7a-b774-98b41ce3b769,5484abcb-b70f-52de-8b99-c02d92a98de4,past,encouraged,20bba4df-8a16-5e63-b73e-951692d95379,false
2ee949ad-2be9-5c52-a33b-ce03e97b95c1,d863615e-dde9-5c7a-b774-98b41ce3b769,5484abcb-b70f-52de-8b99-c02d92a98de4,third_person_singular,encourages,20bba4df-8a16-5e63-b73e-951692d95379,false
baba59a5-6080-5206-a05b-801ddf396b27,d863615e-dde9-5c7a-b774-98b41ce3b769,5484abcb-b70f-52de-8b99-c02d92a98de4,present_participle,encouraging,20bba4df-8a16-5e63-b73e-951692d95379,false
eb2ca380-e08f-5ae6-b30e-94349f5229c8,ac9eb104-9e02-5081-bdf9-f11427563868,a11a509b-9425-59f7-895b-81cb2c03bc71,plural,behaviors,20bba4df-8a16-5e63-b73e-951692d95379,false
ad89edeb-76bd-57d3-b6fd-ca38266dcce8,27e5e31a-d036-5eda-b1dd-ac555a59feab,35f3e46f-2ee2-5633-b76f-913627996ef4,past_participle,communicated,20bba4df-8a16-5e63-b73e-951692d95379,false
bca292a2-247f-512a-9fc1-25906950c073,27e5e31a-d036-5eda-b1dd-ac555a59feab,35f3e46f-2ee2-5633-b76f-913627996ef4,present_participle,communicating,20bba4df-8a16-5e63-b73e-951692d95379,false
1c14b217-30ac-5957-99ba-40f08670f56f,27e5e31a-d036-5eda-b1dd-ac555a59feab,35f3e46f-2ee2-5633-b76f-913627996ef4,third_person_singular,communicates,20bba4df-8a16-5e63-b73e-951692d95379,false
59de0ad4-1f32-56bd-a773-5c8ac40921e3,27e5e31a-d036-5eda-b1dd-ac555a59feab,35f3e46f-2ee2-5633-b76f-913627996ef4,past,communicated,20bba4df-8a16-5e63-b73e-951692d95379,false
bae8fc7b-b742-5923-943f-f3c405de7874,2e52d6e5-7ac0-5e96-a7cf-d0b7762000ea,9c91b6cf-0620-51a6-8c90-9e3924e15894,plural,houses,20bba4df-8a16-5e63-b73e-951692d95379,false
3d6e5253-91d5-5774-be75-7303813dd05a,728b36ae-7917-5a3c-bfda-60ca4538e91a,8d080aba-a26c-5884-a573-203e6db37b15,plural,buildings,20bba4df-8a16-5e63-b73e-951692d95379,false
87267797-d389-52f7-92e7-c0c1ed809c9b,f352fd4f-8eea-5dda-89cf-0ac77e1c5eb8,3421d574-f85a-5b57-9930-7196ab6d060e,plural,rooms,20bba4df-8a16-5e63-b73e-951692d95379,false
80184f6e-6e25-5127-abe8-1c45f7c85199,53cb483c-dc1b-5294-97ab-e2d68a039a23,908bc68b-7a2b-5b47-9562-e4db3ab060ee,plural,homes,20bba4df-8a16-5e63-b73e-951692d95379,false
a891c683-e5fa-5899-9315-736964b3ffff,872620ad-9488-517e-8557-9f71574a8e8b,b48a70c8-740a-5e50-b06b-618dcfca49ac,plural,walls,20bba4df-8a16-5e63-b73e-951692d95379,false
649891bf-c173-5b2a-885e-63e111313fd7,2525730d-1269-5234-80e8-99173cc33906,28814bd9-11b1-5227-86c9-7bccba77715e,plural,bedrooms,20bba4df-8a16-5e63-b73e-951692d95379,false
c54701b3-3dd7-533f-b51f-82f7478d214e,b5c7648e-0156-5ada-a460-46b064865c57,8ffa69c9-a924-5217-b2b2-62b3bbe3447b,plural,apartments,20bba4df-8a16-5e63-b73e-951692d95379,false
7f33d9e2-ce0b-5eb0-9551-896c5e2c605c,a7388e34-9225-5d05-9021-64ce71ccefff,4a669547-f687-5e9f-9390-bcc9459b275b,plural,bathrooms,20bba4df-8a16-5e63-b73e-951692d95379,false
0c7cf63a-c6b6-54f1-b201-a54ebdca95e6,b1a8262a-e65d-5fc2-b6f9-bdf57949dd0c,7c3e1b70-804c-5d57-aa90-7964b15a4e80,plural,kitchens,20bba4df-8a16-5e63-b73e-951692d95379,false
1174fb29-7c22-56bf-ba0d-d3c30b7e96ec,89dc6ab6-e9ea-5c37-b06d-694de25fccec,f339465f-0d68-51be-b427-85744f6b240c,plural,windows,20bba4df-8a16-5e63-b73e-951692d95379,false
e37efdce-2b5d-5346-b6d8-77ffab7d09df,4ce5816c-d8df-5865-a8ad-6d2f70a1bb2d,2acb17cf-3800-575e-ad3e-1c9e2209de9e,plural,floors,20bba4df-8a16-5e63-b73e-951692d95379,false
bb71c633-4218-5b18-bd91-4f8ece20ccc4,6d8bdd32-05dc-5608-a5d2-a3cc2cc16997,62022b79-e181-5f12-b36f-1122b06a39eb,plural,doors,20bba4df-8a16-5e63-b73e-951692d95379,false
c6b71891-a149-56d8-83c5-4055c958fc94,60eff5cb-a01b-512d-8db9-45ad974bb5fd,c3ea42f2-ffd7-5df3-ab80-c02db8e2b321,plural,gardens,20bba4df-8a16-5e63-b73e-951692d95379,false
a699f7da-c9f4-599f-abb3-2a9765cfd63e,aa622e5a-89c1-56ee-941b-5fcd243b4b20,ac1edc3b-12f9-5774-b9af-0cd90d10e74a,plural,tables,20bba4df-8a16-5e63-b73e-951692d95379,false
2967b1e1-024f-5d21-a0cf-d1b10edfdeb7,07a818ed-baa2-531f-b1b2-f3c6f728887c,2628492b-2e66-5114-a0cd-3d2c20550c3a,plural,chairs,20bba4df-8a16-5e63-b73e-951692d95379,false
74499e68-fa2a-5ead-bb5d-795e0b9b0270,8ceb46b7-1ef5-57a3-9687-5baf2cf56588,3e0354f7-edc7-52ec-bfd5-2d1c3d2a7e08,plural,halls,20bba4df-8a16-5e63-b73e-951692d95379,false
72768fe7-b690-506a-b5ad-d44d70ec60b1,4edebdaf-cd65-5cb3-aed5-452c5f4286e7,50e7edee-0e71-5f2f-a891-79fd91fd69ab,plural,roofs,20bba4df-8a16-5e63-b73e-951692d95379,false
ce9bd355-ff27-5daf-bf83-fd13e3f4824d,5e40264d-2b46-59f0-bb43-cce672e7aac4,28783f02-bf7d-5a98-a195-da9227a2328b,plural,beds,20bba4df-8a16-5e63-b73e-951692d95379,false
2991aa82-bd4f-548c-81a3-e4d4138f745a,94132665-bc60-5e8c-8d63-40069c39778e,cf6ef38b-038a-5963-a4c2-7c215991126e,plural,yards,20bba4df-8a16-5e63-b73e-951692d95379,false
57596342-0cc7-5cf3-afaf-e51a2214d0bc,63008320-0403-5a1b-91b2-733d2f2d344b,0bea869e-55d5-5432-8492-fab23f31a7d7,plural,ceilings,20bba4df-8a16-5e63-b73e-951692d95379,false
a325c534-1120-5831-bbe7-8404878d4092,39f02ac7-4ea4-5fb4-8a60-741474839c94,fa8e1c15-49dd-5896-ae6b-50b3268f1f51,plural,desks,20bba4df-8a16-5e63-b73e-951692d95379,false
0cb331c8-7742-568b-8a7f-63b9c09fd130,0b497720-d034-5775-9bdf-53f7711fb0e6,821d3dbb-8437-5380-ab95-e010784c056b,plural,lights,20bba4df-8a16-5e63-b73e-951692d95379,false
589c4b99-0c5a-5b3f-8ab0-f7a9e4ee1e98,cf9ab3a3-df9d-5b34-8cab-1d7620084c19,bd52f273-01cb-58c1-95e2-e426cd2b7657,plural,entrances,20bba4df-8a16-5e63-b73e-951692d95379,false
bc4037a6-df95-57e3-8fd7-d235aa046bc0,aff33913-d8df-5f15-82ed-fe5d42c20062,b9696101-7cce-54dc-a5a1-dc68debe1d4a,plural,garages,20bba4df-8a16-5e63-b73e-951692d95379,false
e3d6b77d-9448-5af1-ba10-f5836a2256b9,83901906-f99a-5001-ba88-d40981e858ac,facb9455-ee61-59c3-a2c8-2d1134657c98,plural,shelves,20bba4df-8a16-5e63-b73e-951692d95379,false
89fe9ca5-8e98-5bb0-a3e3-330a2ed2661e,3cf05b34-27f1-5512-8153-2348bf3c5785,db37b4c7-cdf7-54f3-b0a3-bf7ca614a41e,plural,keys,20bba4df-8a16-5e63-b73e-951692d95379,false
eb6b2092-7e12-50e4-b66b-601eb351d81a,43142705-735b-5b38-bf1c-aaf8c586b269,6117a01c-3a8a-517b-9785-75a8156bf93b,plural,mirrors,20bba4df-8a16-5e63-b73e-951692d95379,false
864b0b95-2e1e-597b-874b-b555c1da3ccb,9de50056-5b8a-5899-8efc-afb6c7708e81,bc770f57-02cb-5102-a533-187888350484,plural,carpets,20bba4df-8a16-5e63-b73e-951692d95379,false
857afeb4-dd98-5858-8a44-df6a7f583c94,fae465ed-fd4c-538b-9284-4a399367e28e,be9dca37-5b5b-5e38-8eed-8398b73fdc35,plural,lamps,20bba4df-8a16-5e63-b73e-951692d95379,false
c2c7e3ff-1d9f-5c09-8b9f-1f44e899feca,62ccba66-63e1-5e8f-a26c-383f842b0a11,fff00b10-9f9f-5939-a689-b166d010f7f2,plural,locks,20bba4df-8a16-5e63-b73e-951692d95379,false
2fe936c0-6b00-5418-bc48-0f8cc5fbe523,f160e2e6-d37c-515d-a85e-2f93c574cebd,485a271d-db79-53d8-94d3-453525035d29,plural,showers,20bba4df-8a16-5e63-b73e-951692d95379,false
8bde2776-3626-5be5-86c9-2eab93c71310,5e04d42f-7db0-5762-a0be-3415d042cc9c,f4f5f7d2-f617-52c9-9573-821b8760381b,plural,cabinets,20bba4df-8a16-5e63-b73e-951692d95379,false
c8e2c864-38c5-5d49-ab18-83b7b07ca8af,c2dde21f-2525-5d0c-929c-5008374ea58e,be53a7fa-e882-5845-b0b7-c2f2710747d8,plural,curtains,20bba4df-8a16-5e63-b73e-951692d95379,false
b9e91dcc-8c9d-503d-8f38-1bfee16e3e84,22af4c99-013f-53f3-a623-72dfb37ef284,3573551b-5f6f-5814-804d-144f3a92ca50,plural,balconies,20bba4df-8a16-5e63-b73e-951692d95379,false
4a77f9af-f5a8-5560-b3ca-f78829c6b93f,08e9e5ad-237a-57a8-b2b7-190cac42a972,abacf929-c9b5-5085-bf71-74ab473fc856,plural,toilets,20bba4df-8a16-5e63-b73e-951692d95379,false
238d2c8c-b175-5198-abad-558acf1c53d2,3f116456-fbaa-5b43-8ae2-6dd1c23f77c6,60446f91-64ef-5646-91fe-d0feaf5831e8,plural,closets,20bba4df-8a16-5e63-b73e-951692d95379,false
f0308352-5aff-5508-bb5e-6c8d1a0b4613,10556924-fc5e-5b0d-929a-7972d0753a37,bdfa0d4e-3a50-50ac-8d6d-560aa48c9d9c,plural,drawers,20bba4df-8a16-5e63-b73e-951692d95379,false
b22df09e-d079-54ca-99ea-fc54b2ccc461,814d57e5-1cce-5f7f-bb93-753b8cbe4896,13ff5cbd-b3ff-58f9-be7a-9a057e50a121,plural,couches,20bba4df-8a16-5e63-b73e-951692d95379,false
8706a0b2-fb8f-5237-b1f5-684546bf55b4,6e316533-0046-5757-bb63-6046f9193b87,92a4eba4-9647-51f0-a1e5-dacfc3120f07,plural,wardrobes,20bba4df-8a16-5e63-b73e-951692d95379,false
c91af89e-2c70-58e8-9e4b-e64aa773d5e9,c3310f75-548c-56f1-b0a5-d30b04078ead,cc42946e-04e2-5c81-93ff-755711ec1eb3,plural,sofas,20bba4df-8a16-5e63-b73e-951692d95379,false
13130e15-d123-5145-b3ed-e60991af91dd,6edc2e32-b119-547a-a154-5c84db1c0738,e5eb51fc-589d-5de4-95ef-f69798950514,plural,blankets,20bba4df-8a16-5e63-b73e-951692d95379,false
e4b78a4f-ba0a-5bb0-9092-556cad278fb0,cd129625-4c58-598d-b550-7c1d225d9a06,a1d71cd6-efc8-56ba-929c-9ccbe0e8a8c8,plural,pillows,20bba4df-8a16-5e63-b73e-951692d95379,false
271ab669-43f4-50f9-8e0b-110fd345b615,6c0e2959-e901-5c98-aa38-63daa199beaa,1808e73c-bfa8-54fe-887b-5a9968e5ac09,plural,mattresses,20bba4df-8a16-5e63-b73e-951692d95379,false
a0c69a9d-f13f-5a7b-bcfe-d18cff45e7e0,313bc46c-5adc-52d9-94a1-ea25a037017f,a8ea1c95-01ae-5057-81f8-4409cf602f64,plural,cups,20bba4df-8a16-5e63-b73e-951692d95379,false
8e76713e-20fe-5e5c-8dd6-08454dcf5140,01ceabba-ba56-5378-9fc4-0ee8f44c043b,29c332d7-3a49-5787-9d57-768be089b097,plural,glasses,20bba4df-8a16-5e63-b73e-951692d95379,false
c40a91b1-7f04-5037-be55-88388d48649b,2cdb3814-6b80-5a57-a69b-b66805aa2456,76121aaf-3118-575b-b0a2-cb8ef52c2d81,plural,objects,20bba4df-8a16-5e63-b73e-951692d95379,false
b4caf59b-9c63-54ec-8c6a-686fc937dfff,f08c5c97-4cd2-5139-af05-d8b46cecba6b,9eae686b-e2ac-52f8-96d4-d2e5211f06d7,plural,things,20bba4df-8a16-5e63-b73e-951692d95379,false
cd714bf9-b5ec-5c7d-b630-27b429ceb45e,e12064bf-98b7-54e6-9ad7-ccefb43f1fba,af2adaf9-f92c-5b26-9316-155cbf59aeb1,plural,boxes,20bba4df-8a16-5e63-b73e-951692d95379,false
b229c2d4-d567-5bc2-86aa-0b22b153e555,084baeff-1bfd-5b0c-a395-97d6d55be018,043a44f7-5e86-5d72-8d2a-0be91ec50c2d,plural,bags,20bba4df-8a16-5e63-b73e-951692d95379,false
3d6b32e5-3796-57b0-bb0f-a1047d0843e1,c387e3c1-466e-5244-915f-f54f2660837b,3d9ca351-58f6-500f-bc0f-4920217bd308,plural,bottles,20bba4df-8a16-5e63-b73e-951692d95379,false
cd8818b9-50fe-5e71-850a-74fc2a57af32,f0bc7598-2050-5228-81c5-52b74f1fbdd5,d72f5974-0fe6-5201-ab69-c00e17c4de24,plural,knives,20bba4df-8a16-5e63-b73e-951692d95379,false
536fe745-29ce-5981-bf49-90520e5efb42,7993f2f9-901d-5982-adb7-d060aba31972,1ce943f7-0587-512d-92c4-d5d3fe7cc08f,plural,televisions,20bba4df-8a16-5e63-b73e-951692d95379,false
cc12bc31-8540-55ff-8d56-428544ae42ed,c61431d4-d063-50f2-b293-a5b3c3b3c117,4e31994e-d60f-5cca-bc5c-127665b1691f,plural,dishes,20bba4df-8a16-5e63-b73e-951692d95379,false
6473c03b-85a5-5b18-b1a9-4e72ce739436,25e24628-0525-535a-9033-5c0b948cc182,5d22e84f-c938-50e7-918c-08315568619f,plural,computers,20bba4df-8a16-5e63-b73e-951692d95379,false
a6867d11-1e2d-5160-bd69-321cf96b6050,9f70ca98-f480-5c8b-8b1f-3d2fb7039007,bd4498c3-9c24-5711-b706-16a7fef62636,plural,plates,20bba4df-8a16-5e63-b73e-951692d95379,false
4cc32522-0095-5d40-9970-8a0c796a0dff,d734697e-1006-5bcb-a990-d8e821360538,84d8676f-0cda-5c55-b0a8-7f1ecee97a9b,plural,phones,20bba4df-8a16-5e63-b73e-951692d95379,false
2d7fbd89-69ea-524f-ad00-63610f898236,e3177b8d-5e3a-5b92-bb0d-7a27b81824ce,78c5a796-46ad-58bb-b9eb-0a3c35724818,plural,bowls,20bba4df-8a16-5e63-b73e-951692d95379,false
617fefbc-b24c-5aca-a91e-99fc4a910d01,1f16d54c-c029-5bc3-b5f9-de9b096055b1,54397d1c-217e-5203-b81e-a8095a484ad1,plural,clocks,20bba4df-8a16-5e63-b73e-951692d95379,false
fc634be6-0a4b-5716-9cd9-2803f5eccffb,e04b2858-289b-57e9-a9c8-32d5863f42bb,395628aa-0e09-528d-a863-b4bd1e5bfd5c,plural,towels,20bba4df-8a16-5e63-b73e-951692d95379,false
bf132df3-0454-5a25-b505-d71054305c93,8a7ffd33-6718-5094-b1ce-2a12b725d400,00f98913-7627-5f23-b9b9-e3e0888b1724,plural,spoons,20bba4df-8a16-5e63-b73e-951692d95379,false
976012a7-56aa-59c7-a5d2-dbd4f37938a2,064d865d-fe88-5dec-8a42-1fc0b9ab1d27,bd6f02e9-0b78-5a58-b189-2e0bafab05f1,past_participle,carried,20bba4df-8a16-5e63-b73e-951692d95379,false
8e508476-34f2-5dee-b104-f2fd5f6b7cf0,064d865d-fe88-5dec-8a42-1fc0b9ab1d27,bd6f02e9-0b78-5a58-b189-2e0bafab05f1,present_participle,carrying,20bba4df-8a16-5e63-b73e-951692d95379,false
4ea3ec10-7c7e-5f35-a110-a7722d299fe6,064d865d-fe88-5dec-8a42-1fc0b9ab1d27,bd6f02e9-0b78-5a58-b189-2e0bafab05f1,past,carried,20bba4df-8a16-5e63-b73e-951692d95379,false
015115a1-3929-50aa-875d-a6e955262778,064d865d-fe88-5dec-8a42-1fc0b9ab1d27,bd6f02e9-0b78-5a58-b189-2e0bafab05f1,third_person_singular,carries,20bba4df-8a16-5e63-b73e-951692d95379,false
d2a8fed8-178b-5cd3-a22c-bc28ad5515fe,5a312071-3949-57ca-8fce-85dc7e16e0e6,14326a65-1325-5f40-bd88-112ca54f0a68,plural,forks,20bba4df-8a16-5e63-b73e-951692d95379,false
bd19d80d-e26d-5021-a353-8dec73670503,ff847689-fc44-5837-92d0-bc209c98a6a3,b60e3677-eb65-5c4b-b501-c411445a032b,plural,pots,20bba4df-8a16-5e63-b73e-951692d95379,false
f37616a4-3941-5bc0-b0c1-532a9ac7ba0e,edcf0c9a-573f-5fff-97f2-6754e696b8c8,38339116-bfe9-5e8a-9ad6-966235b5c0cb,present_participle,putting,20bba4df-8a16-5e63-b73e-951692d95379,false
e1813cd0-7beb-51dc-84be-714ed403e06e,edcf0c9a-573f-5fff-97f2-6754e696b8c8,38339116-bfe9-5e8a-9ad6-966235b5c0cb,third_person_singular,puts,20bba4df-8a16-5e63-b73e-951692d95379,false
1872cea8-f9be-5c55-b224-e4f6d4ce10e5,d983e372-ebfd-5b0a-ab6d-e1e6cf93b269,186a8908-8616-5f13-be8d-c35fc82d0d40,past,kept,20bba4df-8a16-5e63-b73e-951692d95379,false
587d0336-86e4-516e-80f0-65faaf1573db,d983e372-ebfd-5b0a-ab6d-e1e6cf93b269,186a8908-8616-5f13-be8d-c35fc82d0d40,past_participle,kept,20bba4df-8a16-5e63-b73e-951692d95379,false
a84cf019-3ec4-55f6-b204-dd8c9d2a332f,d983e372-ebfd-5b0a-ab6d-e1e6cf93b269,186a8908-8616-5f13-be8d-c35fc82d0d40,present_participle,keeping,20bba4df-8a16-5e63-b73e-951692d95379,false
21384822-a5bb-5646-a65e-671cbb36d678,d983e372-ebfd-5b0a-ab6d-e1e6cf93b269,186a8908-8616-5f13-be8d-c35fc82d0d40,third_person_singular,keeps,20bba4df-8a16-5e63-b73e-951692d95379,false
45691c51-ec92-5069-ae1a-7c3a878a22b1,d4f34d52-0908-50c2-a547-fc46086fe3e7,a9c8a60d-d533-50e6-81ff-208c58e178b5,present_participle,cleaning,20bba4df-8a16-5e63-b73e-951692d95379,false
217c4f0b-f01e-5bd2-9fe7-9a59727ddea2,d4f34d52-0908-50c2-a547-fc46086fe3e7,a9c8a60d-d533-50e6-81ff-208c58e178b5,past_participle,cleaned,20bba4df-8a16-5e63-b73e-951692d95379,false
6a6883f6-495c-52a0-a6e3-e378d56c72f3,d4f34d52-0908-50c2-a547-fc46086fe3e7,a9c8a60d-d533-50e6-81ff-208c58e178b5,past,cleaned,20bba4df-8a16-5e63-b73e-951692d95379,false
5ea34890-f0cb-59e3-98bf-45d263fa6948,d4f34d52-0908-50c2-a547-fc46086fe3e7,a9c8a60d-d533-50e6-81ff-208c58e178b5,third_person_singular,cleans,20bba4df-8a16-5e63-b73e-951692d95379,false
15c17759-1577-51d2-8d78-64b5c6f50d8a,a717bda0-aa71-565b-970b-9e0be01e405d,e41acab7-29ad-5332-a22d-ddd58491371a,plural,pans,20bba4df-8a16-5e63-b73e-951692d95379,false
4514378f-325c-5ea3-a757-7fce3755365f,0c02ad94-9b78-50d4-9278-fc337fde99dd,2b3a7d07-e381-5801-9a40-fcf9ca8a3a5f,past,opened,20bba4df-8a16-5e63-b73e-951692d95379,false
bb2e8c90-fac2-52cb-8f69-18e89ff4934e,0c02ad94-9b78-50d4-9278-fc337fde99dd,2b3a7d07-e381-5801-9a40-fcf9ca8a3a5f,past_participle,opened,20bba4df-8a16-5e63-b73e-951692d95379,false
5aca8e4d-b293-569e-bc0f-b70cf0537dda,0c02ad94-9b78-50d4-9278-fc337fde99dd,2b3a7d07-e381-5801-9a40-fcf9ca8a3a5f,present_participle,opening,20bba4df-8a16-5e63-b73e-951692d95379,false
54a2f97a-64f4-5256-b437-c1c6fdba115d,0c02ad94-9b78-50d4-9278-fc337fde99dd,2b3a7d07-e381-5801-9a40-fcf9ca8a3a5f,third_person_singular,opens,20bba4df-8a16-5e63-b73e-951692d95379,false
9f446fa5-d213-59a6-8e2e-882555fb72f4,07f98e2a-5567-5ffd-a60f-e45a879cef1d,1c416ba5-b361-5d7a-a275-00df117c4efa,plural,soaps,20bba4df-8a16-5e63-b73e-951692d95379,false
4bc5eb23-20f5-5abd-8c28-b8e8957d0495,14c576c9-7319-5a42-becc-2ba095eac4c0,2fe546f1-a3ad-51a6-b787-7723b73baaf0,plural,brushes,20bba4df-8a16-5e63-b73e-951692d95379,false
24d01948-156b-5787-abfa-0a0ff3e0ae3e,20f47393-1f65-5240-a95d-c9ae09d40e23,ed6777b0-b091-5ae9-9c69-efdced3ed10a,plural,fridges,20bba4df-8a16-5e63-b73e-951692d95379,false
1be0a7a7-3278-586d-b8f6-1a6989d53205,7f99c11e-7bba-54a1-b121-ad98e251189e,b222da87-ad35-5af3-a97b-fe79d711e640,past_participle,used,20bba4df-8a16-5e63-b73e-951692d95379,false
d5190bdf-6085-500f-a95b-d8ea1d18e19e,7f99c11e-7bba-54a1-b121-ad98e251189e,b222da87-ad35-5af3-a97b-fe79d711e640,present_participle,using,20bba4df-8a16-5e63-b73e-951692d95379,false
602ccded-0df0-51ae-8a41-b6b3af893421,7f99c11e-7bba-54a1-b121-ad98e251189e,b222da87-ad35-5af3-a97b-fe79d711e640,past,used,20bba4df-8a16-5e63-b73e-951692d95379,false
23edbc81-4919-5882-bc3e-4e99d7c88e62,7f99c11e-7bba-54a1-b121-ad98e251189e,b222da87-ad35-5af3-a97b-fe79d711e640,third_person_singular,uses,20bba4df-8a16-5e63-b73e-951692d95379,false
ade2a570-7c0b-5321-9e33-f800e6e84f30,84e0914a-175b-5507-bbe7-98d8c7e4b046,d5575035-88c6-551e-b8dd-45de6019d133,third_person_singular,needs,20bba4df-8a16-5e63-b73e-951692d95379,false
3d6b86c5-6468-585c-9fa1-6465d00ff503,84e0914a-175b-5507-bbe7-98d8c7e4b046,d5575035-88c6-551e-b8dd-45de6019d133,past_participle,needed,20bba4df-8a16-5e63-b73e-951692d95379,false
653b42dc-96c4-568f-ba15-a095535bb264,84e0914a-175b-5507-bbe7-98d8c7e4b046,d5575035-88c6-551e-b8dd-45de6019d133,past,needed,20bba4df-8a16-5e63-b73e-951692d95379,false
fe682558-b8ea-5057-a470-4507dc54fc1d,84e0914a-175b-5507-bbe7-98d8c7e4b046,d5575035-88c6-551e-b8dd-45de6019d133,present_participle,needing,20bba4df-8a16-5e63-b73e-951692d95379,false
1f554992-2fea-5829-b522-26da6c8ebe1e,7e6b2bb1-3a64-591b-9ae5-36903309a56f,e1d0b281-bd1d-5357-8c29-6bf28b878198,past_participle,washed,20bba4df-8a16-5e63-b73e-951692d95379,false
cb43738a-3f82-54cf-948f-16d5f2463027,7e6b2bb1-3a64-591b-9ae5-36903309a56f,e1d0b281-bd1d-5357-8c29-6bf28b878198,present_participle,washing,20bba4df-8a16-5e63-b73e-951692d95379,false
57a65897-9a76-5d64-991f-f1a5a0b07b45,7e6b2bb1-3a64-591b-9ae5-36903309a56f,e1d0b281-bd1d-5357-8c29-6bf28b878198,past,washed,20bba4df-8a16-5e63-b73e-951692d95379,false
77b0fb85-03b6-5fa5-8f2d-de8c5e9a0eb8,7e6b2bb1-3a64-591b-9ae5-36903309a56f,e1d0b281-bd1d-5357-8c29-6bf28b878198,third_person_singular,washes,20bba4df-8a16-5e63-b73e-951692d95379,false
ecd69053-28f5-58ab-b886-f9b330c18020,9841fbff-ea14-5f8b-8d80-85930d07cb0c,d138c02e-250d-5173-81f2-a28ae44637f6,present_participle,cooking,20bba4df-8a16-5e63-b73e-951692d95379,false
f17984f0-5fea-5cf3-9449-05b2c9c945f0,9841fbff-ea14-5f8b-8d80-85930d07cb0c,d138c02e-250d-5173-81f2-a28ae44637f6,past_participle,cooked,20bba4df-8a16-5e63-b73e-951692d95379,false
4f284f0a-cdd3-5e54-ba54-e4dc24c5ca7a,9841fbff-ea14-5f8b-8d80-85930d07cb0c,d138c02e-250d-5173-81f2-a28ae44637f6,past,cooked,20bba4df-8a16-5e63-b73e-951692d95379,false
1ffc12ba-f975-55c8-8766-a47e35dbee39,9841fbff-ea14-5f8b-8d80-85930d07cb0c,d138c02e-250d-5173-81f2-a28ae44637f6,third_person_singular,cooks,20bba4df-8a16-5e63-b73e-951692d95379,false
2322ec27-050b-595d-914b-77a2f861812a,c776fae1-9f82-5f8a-a445-e37dd3a4c364,5215b60d-5cd3-5a42-a3eb-0a623e84c11f,plural,ovens,20bba4df-8a16-5e63-b73e-951692d95379,false
a505afab-fa94-569d-8df6-a2625ca16e09,3f354b3c-cb33-585b-953b-bd165b3254f7,6f1fdc81-f614-5260-a096-1c9d093de999,present_participle,moving,20bba4df-8a16-5e63-b73e-951692d95379,false
ca7a9db9-9ca3-56aa-8cd4-b0dc82eca847,3f354b3c-cb33-585b-953b-bd165b3254f7,6f1fdc81-f614-5260-a096-1c9d093de999,past,moved,20bba4df-8a16-5e63-b73e-951692d95379,false
f86703fb-9d0d-5d2e-9430-f9a568c68e88,3f354b3c-cb33-585b-953b-bd165b3254f7,6f1fdc81-f614-5260-a096-1c9d093de999,past_participle,moved,20bba4df-8a16-5e63-b73e-951692d95379,false
3f9c242e-6b17-5922-a704-d27bdd8b3bf3,3f354b3c-cb33-585b-953b-bd165b3254f7,6f1fdc81-f614-5260-a096-1c9d093de999,third_person_singular,moves,20bba4df-8a16-5e63-b73e-951692d95379,false
9367abaa-ccd5-5ae8-9f02-e3367ff3fe0a,071f200f-b1a6-5478-aee0-bf9b280683ac,6d0a7cba-1364-5548-b3aa-3c0d577e9868,past_participle,owned,20bba4df-8a16-5e63-b73e-951692d95379,false
2c70837f-816e-5d73-943c-24bef2baa659,071f200f-b1a6-5478-aee0-bf9b280683ac,6d0a7cba-1364-5548-b3aa-3c0d577e9868,third_person_singular,owns,20bba4df-8a16-5e63-b73e-951692d95379,false
669700ce-c509-5509-a7e4-b8fcc1be95c3,071f200f-b1a6-5478-aee0-bf9b280683ac,6d0a7cba-1364-5548-b3aa-3c0d577e9868,past,owned,20bba4df-8a16-5e63-b73e-951692d95379,false
6ee75392-c906-514b-b0fd-3f05c70cc591,071f200f-b1a6-5478-aee0-bf9b280683ac,6d0a7cba-1364-5548-b3aa-3c0d577e9868,present_participle,owning,20bba4df-8a16-5e63-b73e-951692d95379,false
d10f97ed-78f6-5521-8dbe-3fe05e8dbd15,9266878e-cd95-564e-ba26-54763d8f6cac,dc445442-7ec6-5d43-bf3c-6022e778dfcb,present_participle,repairing,20bba4df-8a16-5e63-b73e-951692d95379,false
ab50581c-2702-5acd-974c-9b04cdd88cc9,9266878e-cd95-564e-ba26-54763d8f6cac,dc445442-7ec6-5d43-bf3c-6022e778dfcb,past_participle,repaired,20bba4df-8a16-5e63-b73e-951692d95379,false
4617525f-1543-5288-9e5a-fd48931c71ea,9266878e-cd95-564e-ba26-54763d8f6cac,dc445442-7ec6-5d43-bf3c-6022e778dfcb,past,repaired,20bba4df-8a16-5e63-b73e-951692d95379,false
00551d6f-93e6-55e9-bbb5-9c844d2f3a15,9266878e-cd95-564e-ba26-54763d8f6cac,dc445442-7ec6-5d43-bf3c-6022e778dfcb,third_person_singular,repairs,20bba4df-8a16-5e63-b73e-951692d95379,false
18d755fd-913f-5954-8760-2fc20012a5ac,8ae2bebe-efb0-587a-a9c7-4b541c3e1c60,b95b0ea1-6fe5-5911-9a67-f26885036a1d,past_participle,fixed,20bba4df-8a16-5e63-b73e-951692d95379,false
eeed8d3c-6a53-554e-b818-95e848905cd4,8ae2bebe-efb0-587a-a9c7-4b541c3e1c60,b95b0ea1-6fe5-5911-9a67-f26885036a1d,present_participle,fixing,20bba4df-8a16-5e63-b73e-951692d95379,false
e4446945-2ede-50f6-9432-12a8efe96cfb,8ae2bebe-efb0-587a-a9c7-4b541c3e1c60,b95b0ea1-6fe5-5911-9a67-f26885036a1d,past,fixed,20bba4df-8a16-5e63-b73e-951692d95379,false
3f561da3-0d98-5230-b5e8-3e506d7969a3,8ae2bebe-efb0-587a-a9c7-4b541c3e1c60,b95b0ea1-6fe5-5911-9a67-f26885036a1d,third_person_singular,fixes,20bba4df-8a16-5e63-b73e-951692d95379,false
116efd8d-0329-5d8d-9a61-92bcce8994f1,9137fd80-8ddc-5cfc-b386-2b65c742072a,f8384550-fef8-5c67-ab11-463e0ad8888d,plural,baskets,20bba4df-8a16-5e63-b73e-951692d95379,false
5b4bfc1d-8e08-5dff-9ffc-bdfdfd4cab49,5a288564-bbf5-538d-8a9b-2ca79b8a619a,c6457a5d-be5a-5773-869a-d3cf856d2e5f,comparative,safer,20bba4df-8a16-5e63-b73e-951692d95379,false
c9baa2cc-462f-5499-b28d-8981b9a6e6ce,5a288564-bbf5-538d-8a9b-2ca79b8a619a,c6457a5d-be5a-5773-869a-d3cf856d2e5f,superlative,safest,20bba4df-8a16-5e63-b73e-951692d95379,false
69b2905b-c17a-5588-b23b-e1b0d7d23318,cfa6cc5c-6913-59af-b09e-89a6239d72a2,4e5508d3-8261-59db-a090-20056046533f,present_participle,renting,20bba4df-8a16-5e63-b73e-951692d95379,false
767b1147-9e8a-5c6a-bbb8-dcaf9f5361d4,cfa6cc5c-6913-59af-b09e-89a6239d72a2,4e5508d3-8261-59db-a090-20056046533f,past_participle,rented,20bba4df-8a16-5e63-b73e-951692d95379,false
d6ebc9b4-5369-5f32-9ea5-cf9776b14b98,cfa6cc5c-6913-59af-b09e-89a6239d72a2,4e5508d3-8261-59db-a090-20056046533f,past,rented,20bba4df-8a16-5e63-b73e-951692d95379,false
58c202dc-37b6-548b-8525-c06158e55154,cfa6cc5c-6913-59af-b09e-89a6239d72a2,4e5508d3-8261-59db-a090-20056046533f,third_person_singular,rents,20bba4df-8a16-5e63-b73e-951692d95379,false
a2cc3ed1-f13d-52f3-9bb5-3138e693d1fa,57e8ebea-ff88-5b5d-a295-e527f0b780ff,30ebfa46-fded-591b-a067-6c880f089f9b,plural,refrigerators,20bba4df-8a16-5e63-b73e-951692d95379,false
056b2818-1885-5752-94ba-69e2a51c0228,0a5202dd-06ae-52ee-afe7-4ad03b389f0b,28aec5ee-e0db-58bb-b954-41d155a94b31,plural,stoves,20bba4df-8a16-5e63-b73e-951692d95379,false
35b96ea2-f5d9-5bf2-9f11-0fcc52798f20,c413fb20-3a0b-55d5-932a-1a04731bec9d,14c7a9c7-ca1f-5177-9799-bd2e2ddfb43b,comparative,more beautiful,20bba4df-8a16-5e63-b73e-951692d95379,false
fbcb3dc3-9805-5562-b563-56d580e88e57,c413fb20-3a0b-55d5-932a-1a04731bec9d,14c7a9c7-ca1f-5177-9799-bd2e2ddfb43b,superlative,most beautiful,20bba4df-8a16-5e63-b73e-951692d95379,false
35cfc3d7-6250-55a1-8fc7-18017fe55b76,aa2cabca-2731-517f-b37a-dfa5b7352e40,5bfdb0db-9c36-5e0f-84f3-86fe8bbdb91e,comparative,more active,20bba4df-8a16-5e63-b73e-951692d95379,false
5740cb7f-d021-5ceb-ba02-ab3e0d5e0b8c,aa2cabca-2731-517f-b37a-dfa5b7352e40,5bfdb0db-9c36-5e0f-84f3-86fe8bbdb91e,superlative,most active,20bba4df-8a16-5e63-b73e-951692d95379,false
21dabbb0-2749-5277-ac86-2ca85f3fd3ee,23981f93-59e0-5751-932f-8c60f0587997,aa51a16a-4923-5993-a543-1001db85c04e,comparative,more independent,20bba4df-8a16-5e63-b73e-951692d95379,false
481c397b-bdd7-59ec-b4b8-fd62d49b4ac7,23981f93-59e0-5751-932f-8c60f0587997,aa51a16a-4923-5993-a543-1001db85c04e,superlative,most independent,20bba4df-8a16-5e63-b73e-951692d95379,false
9cdc8b02-7535-55dc-a213-8ebf67f95bfc,352e0305-d072-533d-ae73-93300bea4fb7,5ef3bfcc-5e1b-5724-8ceb-6fe824e02e3f,comparative,more honest,20bba4df-8a16-5e63-b73e-951692d95379,false
f84f0bf0-3113-5770-9d6d-f1a20e0c5d35,352e0305-d072-533d-ae73-93300bea4fb7,5ef3bfcc-5e1b-5724-8ceb-6fe824e02e3f,superlative,most honest,20bba4df-8a16-5e63-b73e-951692d95379,false
cb78076f-279c-5b7e-812e-d41f6782ec95,2b294876-af0d-5a85-a743-4f6bdcdf5054,53dd57d1-b7b4-5869-aed6-69088fe5e829,comparative,more different,20bba4df-8a16-5e63-b73e-951692d95379,false
6659cb73-4ca6-5565-88b0-6ea8ef4ebe43,2b294876-af0d-5a85-a743-4f6bdcdf5054,53dd57d1-b7b4-5869-aed6-69088fe5e829,superlative,most different,20bba4df-8a16-5e63-b73e-951692d95379,false
6000d2f0-0d2f-5515-b063-02b1f0322d85,6554afca-1de4-5f93-aa47-7fe4128dd87d,690c73c3-ac3a-5a11-b9d2-106e445659cd,comparative,more similar,20bba4df-8a16-5e63-b73e-951692d95379,false
9a9fab3f-d988-5e3e-a391-6a9b69be9f12,6554afca-1de4-5f93-aa47-7fe4128dd87d,690c73c3-ac3a-5a11-b9d2-106e445659cd,superlative,most similar,20bba4df-8a16-5e63-b73e-951692d95379,false
a74c1283-d853-597a-b330-38d82179b3e9,30fefaea-8c69-53c7-b6cc-20216cc2b80c,832f7619-e297-5c5c-8e3e-548c821c84ff,comparative,more responsible,20bba4df-8a16-5e63-b73e-951692d95379,false
8928194c-ccd9-53ee-8bc4-b6374601dfaa,30fefaea-8c69-53c7-b6cc-20216cc2b80c,832f7619-e297-5c5c-8e3e-548c821c84ff,superlative,most responsible,20bba4df-8a16-5e63-b73e-951692d95379,false
7801b80c-0547-5cf6-9d27-d497a5894a22,03e47a65-94bd-5314-ba9c-c49ff556a88a,5867aca3-b11d-5a2d-bd7c-54a346c4931e,comparative,more common,20bba4df-8a16-5e63-b73e-951692d95379,false
3facfcb0-2642-5635-b51c-8bb06e159c01,03e47a65-94bd-5314-ba9c-c49ff556a88a,5867aca3-b11d-5a2d-bd7c-54a346c4931e,superlative,most common,20bba4df-8a16-5e63-b73e-951692d95379,false
0ae7de28-6322-5d1a-952d-ca8f40997818,3402ea87-5591-526c-85d4-b4aff8fa5823,ac727e9c-e501-5d2a-8ded-2633e9cad846,singular,stair,20bba4df-8a16-5e63-b73e-951692d95379,false
63721999-1187-571f-a3a4-b2aa5371745c,9dd56963-4091-5cfc-8598-c9328312663a,6635203e-9ad1-5faa-a561-4932d0f5c1e3,comparative,more comfortable,20bba4df-8a16-5e63-b73e-951692d95379,false
7bb36f2d-5db4-50dd-864d-8e51c90a2a09,9dd56963-4091-5cfc-8598-c9328312663a,6635203e-9ad1-5faa-a561-4932d0f5c1e3,superlative,most comfortable,20bba4df-8a16-5e63-b73e-951692d95379,false
