id,word_id,sense_id,ipa_us,audio_path,source_id,human_review
717f435d-7687-59e4-b38f-478f76443965,b03af018-138b-5e4c-a472-5560a28b9703,a21ce8dc-720e-597f-b69f-1230eec33f6a,/ˈfæməli/,,b3335777-dc5f-5448-a777-923e6115c08c,false
71662703-aa0e-5d2f-b8f8-0e409d33cc05,c7b71309-71b9-5cda-a712-b4ae6f288c90,52f765e5-e468-5d65-9e23-32fe2e05d59a,/ˈperənt/,,b3335777-dc5f-5448-a777-923e6115c08c,false
2118c3f1-c268-5858-b9e0-a7e9c4a5c7ec,ee707d60-b7d5-5a2d-918d-5d4a8f88d83d,4f6ac419-d836-541b-ae0d-76642b0975f9,/ˈmʌðər/,,b3335777-dc5f-5448-a777-923e6115c08c,false
9b6fd6c2-928a-5dfb-bf4f-48fefa46dda4,9bb02efc-bc28-5080-8bc9-4474df8e0147,3c6d20e2-e4f3-5afc-8058-e75033bf5972,/tʃaɪld/,,b3335777-dc5f-5448-a777-923e6115c08c,false
a58895a9-f833-5ef6-99f0-038f9e2804d3,980eb914-7cd7-5ffa-8097-bace94f18edf,3020574e-73de-51f6-a10f-bc5ac51d3680,/ˈfɑːðər/,,b3335777-dc5f-5448-a777-923e6115c08c,false
57702a13-ed21-53c1-8002-6a2e59fd02ec,67b1a04e-7214-510d-ad64-559dbb9af7da,df621dde-0b01-5bdf-a9b5-6d99ec8cc815,/sʌn/,,b3335777-dc5f-5448-a777-923e6115c08c,false
c34dca4d-f208-5fa9-9b84-0cb95abd1f12,62ef2aeb-e532-54b6-8a8a-65714fb6b524,c87a4cda-23e1-5c98-8efe-0ec654a4be4c,/ˈdɔːtər/,,b3335777-dc5f-5448-a777-923e6115c08c,false
a42d69f2-bb58-5eba-b816-abca7f1ab9e5,43647738-b133-5d8a-bd8f-3318808d95f5,ea790ea2-3091-590a-9382-4a34110050b5,/ˈbeɪbi/,,b3335777-dc5f-5448-a777-923e6115c08c,false
eb718d4e-042a-5110-9fce-17dd976326d3,e819ed39-0972-5e46-9f6e-a666bd33d521,bab89739-8d84-56fd-bae0-7b57f736aa43,/ˈbrʌðər/,,b3335777-dc5f-5448-a777-923e6115c08c,false
79d263e7-c6e0-5789-bf94-4ce76ab529d7,5e796aa6-34f0-567b-8ffe-88798986783e,ab1e57cb-ae3e-580e-a4f3-30f59714de7c,/dæd/,,b3335777-dc5f-5448-a777-923e6115c08c,false
f4461c58-b6a9-5c8e-a5bf-35acb58cc1cf,435264b6-1c58-587e-8a11-0d29278ec391,f1d7dd00-b6f5-5c36-8884-74d7a1a5a48b,/ˈhʌzbənd/,,b3335777-dc5f-5448-a777-923e6115c08c,false
c0368495-8ef7-544e-85ce-95e1745f1293,02ed640a-e6b4-5ec4-a19a-59b9bc178d75,c64a79e5-483d-5352-b614-92ed0ffb6196,/waɪf/,,b3335777-dc5f-5448-a777-923e6115c08c,false
db698e9d-b5d0-547a-816f-e6c69e6c7645,db2ade4d-7860-50fb-aff3-3ee580817824,984a8d58-de7e-54cf-96cf-391d0991b6eb,/ˈsɪstər/,,b3335777-dc5f-5448-a777-923e6115c08c,false
f8273599-15ba-54eb-9af0-e74b7f2462b4,8d608264-f4c6-5260-9778-58905566cb06,464a2429-5933-547e-8a0a-b02f137222c7,/ˈkʌpl/,,b3335777-dc5f-5448-a777-923e6115c08c,false
4eaa8fc9-ce94-5c42-aa3e-64bc5f28ab72,4c9a1056-f128-55d3-be94-90c4d1d97721,2581a8bc-9c9d-594a-8d91-454f0788f557,/ˈmærid/,,b3335777-dc5f-5448-a777-923e6115c08c,false
31f0de74-03ff-5c4a-9bce-7e3ee2e16496,9de3bbdc-b298-5665-8209-eab713778aeb,409986c8-ffcc-53b7-aace-b384482ff18c,/əˈdʌlt/,,b3335777-dc5f-5448-a777-923e6115c08c,false
05219276-c7d3-591a-aded-1a809ea7f1d6,245d2d61-2f57-571e-96d1-500d63d0d20f,e1bcf777-956c-5d38-a71e-250e52b99b59,/ˈpɜːrsn/,,b3335777-dc5f-5448-a777-923e6115c08c,false
2791ee84-e667-53ec-8917-b230e8f98af1,d033c83a-e3c4-5238-bf32-65690bab8769,c6e0f7e8-2f18-5d03-b237-ea25fc5107e4,/ænt/,,b3335777-dc5f-5448-a777-923e6115c08c,false
9b22b768-b1c5-5d2b-816a-e3b7ca932c1a,69c047e0-4eb6-5bec-b17d-5c250bb8776f,69792b86-17a5-5f99-9911-cf5c1bd0aa3d,/bɔɪ/,,b3335777-dc5f-5448-a777-923e6115c08c,false
ad4eabb8-c92e-50f5-99f8-470cb095af98,b6567532-9167-5259-8671-370e6fc9effe,458a2405-f0ad-53a0-a1c5-663fbd569b0a,/ɡɜːrl/,,b3335777-dc5f-5448-a777-923e6115c08c,false
74da82a2-38c3-59f9-a75e-d45b147d0dc0,960cf6f5-8c18-5420-995f-c32d350ee8ec,4c80dff6-1e30-561b-9f6c-6d34609a9b22,/ˈmærɪdʒ/,,b3335777-dc5f-5448-a777-923e6115c08c,false
5987e5ef-3545-5ba9-9153-e7af36595cd5,86c33fe3-6a67-5ac9-838f-3ec9459d32ef,0befb6d0-3c67-523f-9830-41b1ba30d733,/ˈʌŋkl/,,b3335777-dc5f-5448-a777-923e6115c08c,false
e7c14d0b-d4f1-57fb-97f2-de668eaffaba,6c094c1b-0d76-52a0-b23a-95dbc28ac071,30cf9efc-ebe2-5a85-853c-4789e422407d,/ˈkʌzn/,,b3335777-dc5f-5448-a777-923e6115c08c,false
158eae99-beb6-5892-bbf4-3c4d3ff5f932,5222eec8-3263-5d43-9a1c-66ab518a8235,6f670f3e-dc90-5273-967f-5e1d0e4fb54a,/mæn/,,b3335777-dc5f-5448-a777-923e6115c08c,false
1c17c52a-b201-5199-913d-c4e74837f86b,a5add6cd-d6df-551c-945d-db3f197f5196,f9592995-d353-53be-8469-a7ea8dbc5de1,/ˈwʊmən/,,b3335777-dc5f-5448-a777-923e6115c08c,false
af8409fb-9dc7-5134-bed1-2466ad4e41a6,08069a74-67c7-5a93-9cff-eaeb279801d7,ec9f082c-42d4-56e9-a7a3-7ad8e038728d,/eɪdʒ/,,b3335777-dc5f-5448-a777-923e6115c08c,false
5c0c18d8-dd48-5e75-8f8f-76685d002dc7,5ca7d27e-dad7-58e7-b8b1-9897bd4e9101,59201284-fb3a-54a7-9a11-bb0827260e87,/ˈrelətɪv/,,b3335777-dc5f-5448-a777-923e6115c08c,false
40c61b05-d8cd-52f5-acb4-2f33cef2d070,80fdccb7-9b36-51e4-af3c-08942d5baf86,b9d1927f-8156-53f9-ab7e-a03dd49a3ec8,/ˈɡrænmʌðər/,,b3335777-dc5f-5448-a777-923e6115c08c,false
aff8ce5a-bb1a-56b4-b782-6e521418d74a,da57db1f-28d2-503f-945e-36678aa6229a,3da1f81f-cbe2-5a81-9acf-5cd9451bf93d,/ˈpiːpl/,,b3335777-dc5f-5448-a777-923e6115c08c,false
a623b941-2b14-5e7e-a41e-5918375a3b0d,63a7a852-b17f-50b2-b596-030f7a1b7dad,4c1c4ca1-9c12-5d99-9a7a-945083c7efaa,/ˈɡrænfɑːðər/,,b3335777-dc5f-5448-a777-923e6115c08c,false
7cb7c119-02ad-5850-91d1-f02f58cda9b6,45937cfa-3396-5908-980c-8023e09ebb79,3f4c9516-cf61-5007-8264-385a2c38c3ca,/frend/,,b3335777-dc5f-5448-a777-923e6115c08c,false
b5588826-2875-5214-b60c-590628280bed,845637d6-e9f8-51ca-80b6-b38045e2353b,0b3f2002-c5a5-52d9-b4ca-c72d24e495a9,/kɪd/,,b3335777-dc5f-5448-a777-923e6115c08c,false
b62136f6-c3c9-56bb-ad07-e5f141fbb04a,4bb7f3d5-d530-508b-9972-9105169c390c,90c36f21-c660-586d-844c-44e84b41534f,mʌm,,20bba4df-8a16-5e63-b73e-951692d95379,false
7e7a81b6-a9a4-5ebb-8783-9974b8bf2a5c,cdfbf235-2779-5e22-b163-78f9b9c46ce3,dc20cba3-d589-5996-a220-bab69f868f9b,/neɪm/,,b3335777-dc5f-5448-a777-923e6115c08c,false
1d2cf084-4701-5915-a1ee-7036590afff4,18265749-8be3-59a3-a27d-a100f180c535,3b4751c0-c42d-58a3-8492-fef90debae3a,/jʌŋ/,,b3335777-dc5f-5448-a777-923e6115c08c,false
be43d058-d0c5-5f6b-bcad-40d8658c330a,8348132d-143f-597a-b92c-400f61838f70,7b0b962f-ca73-5289-8ab7-b1b27d15b765,/ˈɡrænperənt/,,b3335777-dc5f-5448-a777-923e6115c08c,false
83794a99-86b4-5409-bcf9-29cbddad6a8d,f6d19303-501f-5884-807a-fe16e15e6275,8d767542-c08d-5124-a263-af8ed8093e72,/əʊld/,,b3335777-dc5f-5448-a777-923e6115c08c,false
6feb3d0c-7d60-5490-a3e6-7b8ed71b5ff0,8d126e0d-7b39-5dda-ab2f-9fe100a0abaf,4d9bca1a-6d25-574d-86a9-c33b0a5ad9ff,/ˈpɑːrtnər/,,b3335777-dc5f-5448-a777-923e6115c08c,false
2524293e-08d4-54ef-bed2-e7edc238c444,8604dd35-e3fc-542a-b60c-af331a8890d9,08dd3a2f-4c5f-5224-a479-788cb15b004f,/ˈtiːneɪdʒər/,,b3335777-dc5f-5448-a777-923e6115c08c,false
e9d4c6d3-51df-546b-b724-41057485e278,850bd623-5a93-564d-9f43-1ea7bb5ff93d,2281d0a2-880f-5a04-8370-dd0703af0688,/twɪn/,,b3335777-dc5f-5448-a777-923e6115c08c,false
0c274c2c-e285-5bf3-b029-5576ec0b635c,eaa173fe-d3da-5905-8b9a-c708616dc66d,2ab36c75-6ca0-5b18-912d-66b49c27aca6,'grændsʌn,,20bba4df-8a16-5e63-b73e-951692d95379,false
2a606359-30ca-54ae-88fc-8e1ef106c1da,40b482b7-6a7b-5ad9-9d9a-78e25ce4386e,7bead368-6855-512e-b445-1973a2a9ab8a,'^rændɔ:tә(r),,20bba4df-8a16-5e63-b73e-951692d95379,false
5c90858c-46ca-5e9b-a9e1-717cae65e00c,a161301c-9b89-53e0-b3cf-fe7acffc2d80,2044a5e1-74c9-5b65-a8cd-d0ff3cdbe70c,'nefju:,,20bba4df-8a16-5e63-b73e-951692d95379,false
ee0f6137-373e-5e78-a520-2f0c58995a29,f3c25cb9-3068-501c-a260-bf84614f3eb2,dfd86877-919a-5fa2-a026-bb346e510e25,'neibә,,20bba4df-8a16-5e63-b73e-951692d95379,false
ff0208ad-d99a-5a29-a5ea-eb31ed320aad,c3dc1d92-e848-50fc-87a4-7e1a8cb4a65e,bead0702-e45d-5604-8202-988dafe1c562,ni:s,,20bba4df-8a16-5e63-b73e-951692d95379,false
c878a7b5-881d-5f21-b32e-c294d22b08b6,7f0d63b4-1a36-5a19-ab14-9677464ceb23,538f9710-2133-5372-9d79-c0975840a82d,/ʃɔːrt/,,b3335777-dc5f-5448-a777-923e6115c08c,false
d7c501c1-a3e1-5b15-a55c-7c547eb2e61c,a9503178-6954-52ef-a1b9-d2df7631db13,52411c24-8286-5f2d-8caf-2e2c3c6a948a,/ɡrəʊ/,,b3335777-dc5f-5448-a777-923e6115c08c,false
6ccae0b8-c82b-5821-8228-1ac1b1c1fe49,2b6435ed-c8ea-582d-850a-a5e0199eb902,56dcf74b-2a92-52cb-a03d-4203ecb35e10,/bɜːrθ/,,b3335777-dc5f-5448-a777-923e6115c08c,false
ebc41af0-024b-5926-b76c-3c496c4fd060,0799fa25-b89f-5d03-b2c9-437b1b5f7e5b,04cba3c7-2e01-5920-9389-9d285c7ef90a,/ˈhevi/,,b3335777-dc5f-5448-a777-923e6115c08c,false
17d15490-ea63-5746-b07d-b58d360d13dd,a238064d-9387-5cf4-9e61-889ecb45e554,edeaa218-22a5-5fb1-96ad-d20f771264ec,/strɔːŋ/,,b3335777-dc5f-5448-a777-923e6115c08c,false
8eb26375-90b5-54a7-ab4b-213920096bfe,d6751365-562a-53ee-a4eb-51492f88bdf0,ee9fa651-a20f-58d4-949e-c37d68ce5e16,/haɪt/,,b3335777-dc5f-5448-a777-923e6115c08c,false
7a8f8c58-1c39-5eed-829e-1f1931781b95,79413cef-e6d8-5960-b0d6-a7549a2fd493,5bafa0f3-f622-58da-ab90-bedc0ea45dd1,/feɪs/,,b3335777-dc5f-5448-a777-923e6115c08c,false
4c7e4108-91f1-5da3-a597-8f1b2d39e568,c413fb20-3a0b-55d5-932a-1a04731bec9d,14c7a9c7-ca1f-5177-9799-bd2e2ddfb43b,/ˈbjuːtɪfl/,,b3335777-dc5f-5448-a777-923e6115c08c,false
dddbdd0e-f5eb-5f1a-ac06-41d0825b2afb,465d33e7-fe18-5a77-8034-7cbb7810a3d4,f1900b28-2319-5819-b280-3b931566c3a2,/juːθ/,,b3335777-dc5f-5448-a777-923e6115c08c,false
dfaa19d8-c45f-5d50-90c8-7f920f1d4a4f,faf6f852-71b5-5fbc-9a09-844ea677e9f4,e2ea3ab6-9341-51b3-8d40-ff47c6858f40,/aɪ/,,b3335777-dc5f-5448-a777-923e6115c08c,false
91445284-dfcc-591a-96b3-27546d5b3159,1e735186-065b-5ab4-9de9-b9f712d12944,899cf71a-9d34-55ac-972b-fd2f3cb32203,/tɔːl/,,b3335777-dc5f-5448-a777-923e6115c08c,false
f662a5cb-96e6-54b7-8b0f-a7104bfeaf6a,f4a08ff5-e089-5def-99ca-e5cea9a57af3,9805e16b-0483-5d86-a2b7-9c9a95d8e8bc,/bɔːrn/,,b3335777-dc5f-5448-a777-923e6115c08c,false
6fa737ab-045d-5e29-be40-c8fdf392073c,93f921d3-8e28-521b-bdb2-3fcc8ba0eb73,6f9ef7f1-5b8f-595d-82e6-b87eb07ba92d,/her/,,b3335777-dc5f-5448-a777-923e6115c08c,false
b3cd0cf6-c586-5394-bf4d-df54dd678d5a,be5a5850-b0c3-54e0-af4d-b69716d468e6,02e65940-25cc-5ab2-82f5-766056214ab1,/ˈprɪti/,,b3335777-dc5f-5448-a777-923e6115c08c,false
98385979-d7b4-54c2-936e-0fdce8dd2b23,17008d3d-2fb1-502c-a481-05eee3812272,619174b4-e9f0-507f-98ae-45d7fc7f7c5c,/θɪn/,,b3335777-dc5f-5448-a777-923e6115c08c,false
e0c2ba58-692b-5868-8ad0-3fe96ddfbf38,1aeb3361-4bac-5f9d-b4dd-a3556f0f575d,3da62256-c643-5307-9958-89b6f43ba525,/ˈhelθi/,,b3335777-dc5f-5448-a777-923e6115c08c,false
1734cc7c-2024-58c7-a182-beb90cdc410f,f266ac47-11b0-5e60-9a1d-437534a05ecd,f8470e60-0e8c-56bd-914e-c557612687d7,/wiːk/,,b3335777-dc5f-5448-a777-923e6115c08c,false
4bcc4a2e-5563-5410-81b7-4ebdab0a3ebb,797332ab-a150-5b16-8553-ea284a052e1c,35493e1c-2884-5b0e-af70-68914b90ef25,/hænd/,,b3335777-dc5f-5448-a777-923e6115c08c,false
69958c9e-95c0-5a10-bb23-72b7c59dc2db,98083952-a3dd-5fae-ba0d-6b3afaa840ca,6e64c985-ff2a-5a01-9124-ecbc3646c82f,/fʊt/,,b3335777-dc5f-5448-a777-923e6115c08c,false
e4840b8a-007f-54a3-ad8a-c59f724767c1,0628a3aa-c60d-5033-b4ba-a6e3ee73b2b7,d1ed4a9c-7842-5414-9de5-8f400b5662f6,/hed/,,b3335777-dc5f-5448-a777-923e6115c08c,false
1456dc46-0f3b-5385-8e99-5e0d1dacdc06,15a42da7-5147-5479-9335-9f8eaaea45e2,4d821d2d-3e86-5b54-b816-520d416ff979,/ˈbɑːdi/,,b3335777-dc5f-5448-a777-923e6115c08c,false
a09c6f6f-f6fe-57b9-89ba-d388e608db83,1cb14623-1200-5ba7-a056-f2deff8b2cff,947e0e3a-a3f0-5bf0-af58-dc9480d04017,/ɑːrm/,,b3335777-dc5f-5448-a777-923e6115c08c,false
97af0337-cec4-50cd-98ea-e4b95666c6e0,3833f038-4cc6-5319-b24c-0acd97f6cae7,b484ebee-6873-5b66-94a7-25f82a549c06,/nəʊz/,,b3335777-dc5f-5448-a777-923e6115c08c,false
84ff7be3-0b4e-5796-8e73-5274386262c6,3c6e83b7-618d-57fa-8e52-50a19dadd32f,7c0ffc26-c970-5638-94ad-7d256b25dd8d,/maʊθ/,,b3335777-dc5f-5448-a777-923e6115c08c,false
1f20f364-d588-552e-ac8c-cbd98ed6e034,77ef53bb-328f-59b6-9898-d72b4e2649a4,53ad78bd-d644-5575-8cca-9fb1a76d6fcb,/ˈtʃaɪldhʊd/,,b3335777-dc5f-5448-a777-923e6115c08c,false
2cf472c3-6184-5ee5-9ef0-a25c1a045065,0cb2efad-9d61-5b61-9d81-2797e509e2b8,26738ba2-e2d0-5ccf-b434-9a93f1d9b439,/skɪn/,,b3335777-dc5f-5448-a777-923e6115c08c,false
bc8b2d54-7c4e-5c18-a76c-4f8300a2c9c4,90585c4f-48f5-559c-8316-ea13c588c04c,f35b3ef4-4f5c-5ac8-bdc5-585516c726c0,/ɪr/,,b3335777-dc5f-5448-a777-923e6115c08c,false
e2a5fe0b-4aa5-5e32-8331-99be2459b6cc,432fe844-b79d-537b-8462-3c15ddb37834,93cf2c78-8fd9-57e9-939e-2b9da00cd239,/leɡ/,,b3335777-dc5f-5448-a777-923e6115c08c,false
1b8d8ab0-2500-5d04-9a21-85446dae184c,3ed5237b-36e6-53e4-8573-a966df7525fa,450550ba-e299-5612-a11b-89aa0b30f03f,/tuːθ/,,b3335777-dc5f-5448-a777-923e6115c08c,false
ec5b2a00-2f56-54f9-90c0-6d49fbbe650f,d5caab91-baa7-5ed3-9797-ef9353f694aa,9235cae8-7063-56ae-b9ab-674542ddf5db,/ˈsɪŋɡl/,,b3335777-dc5f-5448-a777-923e6115c08c,false
9b757587-762a-5417-8e69-f328805de94d,960743a8-92c0-5f06-b3b2-678fae636019,244be9df-1d0d-5f95-99fc-c3a34f45c3f2,/lʊk/,,b3335777-dc5f-5448-a777-923e6115c08c,false
0d4971bb-9997-5531-9bb9-a69110f95fdf,81f8e222-59c9-5600-8954-245c78d2fca4,81d3908d-2fed-5641-8960-ca7e2f7e01f8,/læf/,,b3335777-dc5f-5448-a777-923e6115c08c,false
c539391c-65bb-5009-a529-70e9c10e3bae,b853e40a-3e3b-5721-9225-1b62770c4632,67d7c662-bb72-5c82-96ce-d131dfd0e97f,/vɔɪs/,,b3335777-dc5f-5448-a777-923e6115c08c,false
9af63537-e45e-59a6-9b7a-5928b39d784f,31c22836-e2ed-56b7-829b-9d7232a7b38f,5c515fef-fdba-5716-a3e1-f539ab48cdd9,/smaɪl/,,b3335777-dc5f-5448-a777-923e6115c08c,false
033bf420-553b-55d3-bc89-0288d19c6c8d,dec0ef55-1ff4-5e06-9bb3-1a7e4175f022,7bae26df-f96b-5fbc-93fa-34436a3a6998,/əˈpɪrəns/,,b3335777-dc5f-5448-a777-923e6115c08c,false
e0cd5a74-96cc-5ab2-806f-d42d6bc1ec28,fe971c41-18ec-5968-808e-2fafdee79ef3,21d515a3-1065-5124-92a7-0d45d5f10410,/ded/,,b3335777-dc5f-5448-a777-923e6115c08c,false
302b1588-738e-5528-942e-5a144bc5b1f6,ae762a3e-e009-5dd3-8804-9667f1c5cc84,8eddbebf-1e55-5bce-8af8-889314c768ed,/meɪl/,,b3335777-dc5f-5448-a777-923e6115c08c,false
1c28819b-67b6-59ad-8ac6-27edb08c2edc,185719ec-dd76-54c3-b2c7-0a1abafd4b3d,9b3bbdf2-cf96-580c-a86d-84d98a4e0dae,/ˈfiːmeɪl/,,b3335777-dc5f-5448-a777-923e6115c08c,false
dd78e065-58e5-5077-a132-1e72b5d6be8d,384ab201-b0e0-5299-ad2c-689a7b0efb69,a2f63f21-8d8b-50ad-bebf-8eccc7a44ad4,/kjuːt/,,b3335777-dc5f-5448-a777-923e6115c08c,false
37b8c097-66d1-55a9-9a7d-59544eab9f32,4d94db1b-86a4-5ef8-b85a-1c474b14b215,6c5438ae-7a6f-50c2-8c81-304c517555a0,/əˈlaɪv/,,b3335777-dc5f-5448-a777-923e6115c08c,false
3dfda205-4f59-5401-a1e4-bf2f2c72e7fb,ea820e43-f956-5ddf-a55b-17b0cdc22fcb,03331618-dfd4-56c7-b9cc-44ef66b709db,'hænsәm,,20bba4df-8a16-5e63-b73e-951692d95379,false
015b67c6-0503-5645-b86a-9382ccb84b42,92616ecc-c39e-5fc4-811d-07606552fe46,8c630363-cd17-5ef2-a84d-cb971c0caf07,/ˈeldərli/,,b3335777-dc5f-5448-a777-923e6115c08c,false
2e22322e-7b07-56fb-a9bb-93dee81042c5,bead1bb2-9d85-54d4-8f75-7d8fb21e91ae,1aca7022-2f75-5faf-a8be-707a311376d1,/ˈpreɡnənt/,,b3335777-dc5f-5448-a777-923e6115c08c,false
c2030918-c6a7-5434-9989-0f301514748e,2c24318c-5c70-5e7d-9e49-4bb171c7fce1,f977eef8-e770-5a99-871c-37d92284bc0c,biәd,,20bba4df-8a16-5e63-b73e-951692d95379,false
4495b409-2dae-52e2-a0e1-3eb26eb223a5,cf5f04de-92b8-5b10-873d-bf9e2f77e6d9,10b7ebce-3330-5b7b-854a-3c42d11900f0,slim,,20bba4df-8a16-5e63-b73e-951692d95379,false
3696067f-5268-58e6-857c-85b306c41ed5,9ecc3abc-0829-52c7-8751-8697a11a8a35,d8aa4592-9f8d-50ee-989b-e391761ce82c,/ker/,,b3335777-dc5f-5448-a777-923e6115c08c,false
5d571df1-f0ac-5013-bb7b-d202138ac5c2,23949bce-ce3a-57b5-bc72-a35066f91bc4,de4404c1-3d3b-502d-9b7a-42b14ee4769b,/səˈpɔːrt/,,b3335777-dc5f-5448-a777-923e6115c08c,false
f0188f85-5690-5eb1-b41e-5e13a297531d,9a0e9ea1-8a87-57fe-9fb5-e1ab519fc5b5,a06bfa59-3158-5c65-b3e4-7f4201fd2174,/lʌv/,,b3335777-dc5f-5448-a777-923e6115c08c,false
2c83fe64-e3e6-59d6-a0f5-64b9d7c2e65b,0092299b-5d58-5fbc-b483-461323aa2602,12de099a-b401-5b0a-ab98-9c5893ee52fa,/help/,,b3335777-dc5f-5448-a777-923e6115c08c,false
c268fad0-4cef-51b1-ac89-53dc99b6aca8,e408406a-e69c-56d8-b603-c6db80fbfdd9,819d1b9f-2dfb-576c-b3fc-237c007c878f,/lɪv/,,b3335777-dc5f-5448-a777-923e6115c08c,false
1f92be30-c12a-5a0c-ab19-5bca6735a95c,52bbe1ba-dfe0-5682-8d28-d234dd92867d,4eec6b22-7589-5961-9701-51cfa1aafedc,/ʃer/,,b3335777-dc5f-5448-a777-923e6115c08c,false
8f93bf1b-4893-5e3d-9cee-4ad3f4420eb1,09086ede-d825-5016-adae-e792304a9c4c,28173cca-fd95-5304-9bb6-3ddf5957ee80,/ˈvɪzɪt/,,b3335777-dc5f-5448-a777-923e6115c08c,false
ab9c13e3-75fe-5131-a7b2-9d771153b130,18803a68-ad85-586c-bd80-ae0dd86eaf5c,04c7333b-d3de-5584-8bde-2e79d26e259c,/miːt/,,b3335777-dc5f-5448-a777-923e6115c08c,false
99011daf-c689-5eb5-b888-3d5337a996dc,ef3e4eec-660f-511a-9450-cb498b02f6f8,9cccae4b-b7b3-5314-8da7-7391d887755a,/rɪˈleɪʃnʃɪp/,,b3335777-dc5f-5448-a777-923e6115c08c,false
05baa72d-6efd-5a60-8072-ed846bc16d1a,ff5c5a2b-0d1e-509e-b69a-f709b26e8e55,dfbbd175-590c-52bf-999a-4ad8d527b299,/rɪˈmembər/,,b3335777-dc5f-5448-a777-923e6115c08c,false
32ee2d73-52b9-5d88-8950-e3874d6aadbb,840ea61d-9926-50cc-a9c6-78e42124dade,a2580559-3afa-52ce-ab17-e8d73a0014d3,/nəʊ/,,b3335777-dc5f-5448-a777-923e6115c08c,false
27d33163-1a5a-5aab-968a-432832da1c49,fa87be24-490e-5e28-886f-d3b40cd3fe78,c9ffc9fe-0c71-5d2d-9fb6-f3a5a48f31e9,/naɪs/,,b3335777-dc5f-5448-a777-923e6115c08c,false
43c4b177-5c5b-5c1b-a0db-9b9bf3b7f045,3a662548-5eab-5c4d-9acd-4fbf458f03ba,09d6b176-d0ed-5f51-a970-4380fe06c1ee,/kaɪnd/,,b3335777-dc5f-5448-a777-923e6115c08c,false
b7bf2262-4363-5ccd-8447-86890391331e,20ae840a-5074-5bbb-9947-b9d46aa75b58,5b922210-27ca-57be-abda-0340508cbd33,/rɪˈspekt/,,b3335777-dc5f-5448-a777-923e6115c08c,false
85cc1b33-a118-5827-b069-bb6d6be8f30b,763502c3-d16b-5dc1-8c74-3ca90e395d37,5819dd44-6b1e-5b80-a5eb-5db36f865d87,/ˈkʌltʃər/,,b3335777-dc5f-5448-a777-923e6115c08c,false
fa9bb5fa-fc02-5c2f-b61c-08cade3c969d,4c91de05-4389-59fe-9424-69c9d4370c2f,65dd96a0-5d8d-55f8-803f-a93132aebd14,/ˈfrendli/,,b3335777-dc5f-5448-a777-923e6115c08c,false
932fd24d-b317-5e09-b8c3-f0ef649e4918,5bdcd7d7-c6a7-54be-84c1-c6c99360b012,f07dcc86-acbc-5353-bc8c-3eb0a9a2bf72,/kəˈmjuːnəti/,,b3335777-dc5f-5448-a777-923e6115c08c,false
2ffb9d52-e0ac-5263-bf77-da5ab955fb30,3d5de9e9-178c-585d-abe6-2b3197465c5e,26d32391-3e37-53b4-b891-29c1d9285b65,/ˈkwaɪət/,,b3335777-dc5f-5448-a777-923e6115c08c,false
0b2df582-f97b-5162-83f1-aefb4cd88c95,e14d86a7-19ea-5d2f-941d-3c756dd97e34,e2b2450f-c8e9-50dd-ae7b-bfbc36ca2900,/rəʊl/,,b3335777-dc5f-5448-a777-923e6115c08c,false
f3cd5928-63f5-5bff-a0a4-c3f4adaf9beb,e401666b-4ed6-573b-b743-53fe903ce521,545c08d8-78da-578e-b39f-0baf3e9cee15,/trʌst/,,b3335777-dc5f-5448-a777-923e6115c08c,false
0955cb66-6c91-5026-a9f4-be082255eb3e,bd507410-c747-5388-b0f3-4a5db9cfb720,c55f6b0b-4bde-5b39-99a7-745e348d9db4,/rɪˌspɑːnsəˈbɪləti/,,b3335777-dc5f-5448-a777-923e6115c08c,false
41681425-7f4a-597e-9b83-59d48ae5dbe1,aa2cabca-2731-517f-b37a-dfa5b7352e40,5bfdb0db-9c36-5e0f-84f3-86fe8bbdb91e,/ˈæktɪv/,,b3335777-dc5f-5448-a777-923e6115c08c,false
dd2b69b3-69f3-5b8f-952b-4652e5f78942,23981f93-59e0-5751-932f-8c60f0587997,aa51a16a-4923-5993-a543-1001db85c04e,/ˌɪndɪˈpendənt/,,b3335777-dc5f-5448-a777-923e6115c08c,false
58fa4611-e3db-528a-8d92-0a9f9b2bfb13,352e0305-d072-533d-ae73-93300bea4fb7,5ef3bfcc-5e1b-5724-8ceb-6fe824e02e3f,/ˈɑːnɪst/,,b3335777-dc5f-5448-a777-923e6115c08c,false
d8b90fc1-8a2e-5726-98e1-6142f05aa791,55a191b8-aca3-5983-86db-d6e836ac6041,2e267928-e248-5cee-a064-2071f96b0d6e,/reɪz/,,b3335777-dc5f-5448-a777-923e6115c08c,false
99f6155c-dad9-564e-8dec-d02efcecbdb0,29a903c4-fb19-5587-9222-229b7d17e675,a2c6a537-f34a-53d5-94c1-902d7253394a,/ˈvæljuː/,,b3335777-dc5f-5448-a777-923e6115c08c,false
d06dbb90-f23c-5103-a91b-86d616a7da0c,2b294876-af0d-5a85-a743-4f6bdcdf5054,53dd57d1-b7b4-5869-aed6-69088fe5e829,/ˈdɪfrənt/,,b3335777-dc5f-5448-a777-923e6115c08c,false
3ed972a0-d234-5bc8-9dd4-90b2a7d04866,12346ecb-347d-5ac5-a14f-abcf3ca1b6b1,432fbebf-fa75-5935-afbc-822855110a52,/ˈɑːrɡjumənt/,,b3335777-dc5f-5448-a777-923e6115c08c,false
9b5cc0ad-0103-5d2d-a67f-0d88b49fa224,c30c52f5-37d0-51d7-84ee-e38d617cc32c,3cca23d8-b659-56ce-8d2f-54e666f47509,/əˈɡriː/,,b3335777-dc5f-5448-a777-923e6115c08c,false
da6af925-972f-5486-b025-4cd083f0f3e6,6554afca-1de4-5f93-aa47-7fe4128dd87d,690c73c3-ac3a-5a11-b9d2-106e445659cd,/ˈsɪmələr/,,b3335777-dc5f-5448-a777-923e6115c08c,false
f72aedfa-3ae1-5d16-b5a0-668bd3627890,f57a35eb-6cc2-5974-ae9d-4c829b2f0b47,4c11242b-bbca-53e4-aa08-210282140112,/pəˈlaɪt/,,b3335777-dc5f-5448-a777-923e6115c08c,false
1f6c17cc-a452-5b89-b09f-48d18f7a9d8b,5561dee8-433a-5567-abf3-c10bf4a81566,8fca57d7-e961-5345-8c62-efcd8547fb2d,/ˈætɪtuːd/,,b3335777-dc5f-5448-a777-923e6115c08c,false
3d5225b6-d970-53f8-b989-7f6d089c88e9,30fefaea-8c69-53c7-b6cc-20216cc2b80c,832f7619-e297-5c5c-8e3e-548c821c84ff,/rɪˈspɑːnsəbl/,,b3335777-dc5f-5448-a777-923e6115c08c,false
43d5b7af-82ad-5b33-88e8-2c681c436733,e59dd8f9-3ba6-5c33-aa63-baa30b456fa1,4fed3d1a-de2a-5b8f-91e7-5e8af12eb8d1,/trəˈdɪʃn/,,b3335777-dc5f-5448-a777-923e6115c08c,false
5c7cbb77-aa84-52b6-9f8b-2fc925a081ee,7c952027-4086-5823-8522-494ceb9d7a82,f8763aac-31ee-5aa7-8b15-5aa09dc5f0ad,/təˈɡeðər/,,b3335777-dc5f-5448-a777-923e6115c08c,false
3222778a-b59a-5d19-92ed-f5ac7af753fd,03e47a65-94bd-5314-ba9c-c49ff556a88a,5867aca3-b11d-5a2d-bd7c-54a346c4931e,/ˈkɑːmən/,,b3335777-dc5f-5448-a777-923e6115c08c,false
d7031403-633c-5261-94bd-c85eaaa2deb7,b522f587-67da-5229-acd4-050cfe9f2260,6ef06b39-d11e-5274-97ce-8f9492303d9b,/ˈɪnfluəns/,,b3335777-dc5f-5448-a777-923e6115c08c,false
54f2cafe-6ddd-5d6f-a060-7a0ecdd152ee,034e31c9-6319-54d7-9dd1-ea86617ea1f2,1a9a484a-415f-5492-8606-7840b49fcae2,/prəˈtekt/,,b3335777-dc5f-5448-a777-923e6115c08c,false
390c8e60-6dd4-5471-9f21-5c422c5544fb,0df5ff4f-0ce7-5d9e-a575-4eafce121c96,a29b0548-680f-5fd6-a4e7-339e7d3faf9c,/kləʊs/,,b3335777-dc5f-5448-a777-923e6115c08c,false
9c3eb34e-1081-57d8-b7c3-c05b23cb721f,2055d1ae-2164-56fc-94a8-0125ed51ac4a,6b53dbc5-4550-561d-80e7-72dd51d34524,/əˈləʊn/,,b3335777-dc5f-5448-a777-923e6115c08c,false
8bba25ac-f91f-5ab9-9073-486dd8d74d45,50d402e4-714a-58ba-9e9d-2653de24bb55,cafe6556-95dd-516b-b85c-c9fcf54b3058,/ˌdʒenəˈreɪʃn/,,b3335777-dc5f-5448-a777-923e6115c08c,false
b7cc2622-4bbc-5071-99b8-33898a7e81c9,a30bab2a-7eb3-5356-9953-01ed66ad915a,d12d2447-6bad-5894-aa41-5eb96f68c1db,/ˌdɪsəˈɡriː/,,b3335777-dc5f-5448-a777-923e6115c08c,false
72234462-637e-5d1f-8eb8-78bc10fb9699,d863615e-dde9-5c7a-b774-98b41ce3b769,5484abcb-b70f-52de-8b99-c02d92a98de4,/ɪnˈkɜːrɪdʒ/,,b3335777-dc5f-5448-a777-923e6115c08c,false
0a9fd1d0-8a98-5862-9ec4-4d208d71ea2a,ac9eb104-9e02-5081-bdf9-f11427563868,a11a509b-9425-59f7-895b-81cb2c03bc71,bi'heivjә,,20bba4df-8a16-5e63-b73e-951692d95379,false
04ca0185-9305-5cf9-947d-1a8a9885cfa6,27e5e31a-d036-5eda-b1dd-ac555a59feab,35f3e46f-2ee2-5633-b76f-913627996ef4,/kəˈmjuːnɪkeɪt/,,b3335777-dc5f-5448-a777-923e6115c08c,false
b3e059f6-154d-5247-9364-6697278c0421,2e52d6e5-7ac0-5e96-a7cf-d0b7762000ea,9c91b6cf-0620-51a6-8c90-9e3924e15894,/haʊs/,,b3335777-dc5f-5448-a777-923e6115c08c,false
95917c3a-5c6f-5daf-8c6b-2548f5599d76,728b36ae-7917-5a3c-bfda-60ca4538e91a,8d080aba-a26c-5884-a573-203e6db37b15,/ˈbɪldɪŋ/,,b3335777-dc5f-5448-a777-923e6115c08c,false
468a811c-b9f9-5b6e-a5f7-a589c99dbbe6,f352fd4f-8eea-5dda-89cf-0ac77e1c5eb8,3421d574-f85a-5b57-9930-7196ab6d060e,/ruːm/,,b3335777-dc5f-5448-a777-923e6115c08c,false
12a9cddd-00cb-56e7-af7f-ec215e5932e4,53cb483c-dc1b-5294-97ab-e2d68a039a23,908bc68b-7a2b-5b47-9562-e4db3ab060ee,/həʊm/,,b3335777-dc5f-5448-a777-923e6115c08c,false
943525b8-a279-57fc-9c79-2c6d226d846f,872620ad-9488-517e-8557-9f71574a8e8b,b48a70c8-740a-5e50-b06b-618dcfca49ac,/wɔːl/,,b3335777-dc5f-5448-a777-923e6115c08c,false
5d07879b-0b74-547b-8895-c1f1209d33d7,2525730d-1269-5234-80e8-99173cc33906,28814bd9-11b1-5227-86c9-7bccba77715e,/ˈbedruːm/,,b3335777-dc5f-5448-a777-923e6115c08c,false
d7ca4526-44e9-5925-b7db-91a8a7f690be,b5c7648e-0156-5ada-a460-46b064865c57,8ffa69c9-a924-5217-b2b2-62b3bbe3447b,/əˈpɑːrtmənt/,,b3335777-dc5f-5448-a777-923e6115c08c,false
af4599c0-7c78-5805-931d-7939a56bda46,a7388e34-9225-5d05-9021-64ce71ccefff,4a669547-f687-5e9f-9390-bcc9459b275b,/ˈbæθruːm/,,b3335777-dc5f-5448-a777-923e6115c08c,false
58b698ec-d0f9-589b-9de2-715dc3e7f370,b1a8262a-e65d-5fc2-b6f9-bdf57949dd0c,7c3e1b70-804c-5d57-aa90-7964b15a4e80,/ˈkɪtʃɪn/,,b3335777-dc5f-5448-a777-923e6115c08c,false
162ff9c1-3acd-579b-aebc-0335decbf44d,89dc6ab6-e9ea-5c37-b06d-694de25fccec,f339465f-0d68-51be-b427-85744f6b240c,/ˈwɪndəʊ/,,b3335777-dc5f-5448-a777-923e6115c08c,false
cdb3eaac-04df-538a-9c3a-bf1acd343bbd,4ce5816c-d8df-5865-a8ad-6d2f70a1bb2d,2acb17cf-3800-575e-ad3e-1c9e2209de9e,/flɔːr/,,b3335777-dc5f-5448-a777-923e6115c08c,false
231b430d-4500-53de-968d-0a7fcd539d95,6d8bdd32-05dc-5608-a5d2-a3cc2cc16997,62022b79-e181-5f12-b36f-1122b06a39eb,/dɔːr/,,b3335777-dc5f-5448-a777-923e6115c08c,false
f1842269-2b8a-5566-af03-fc90dd9eecf0,60eff5cb-a01b-512d-8db9-45ad974bb5fd,c3ea42f2-ffd7-5df3-ab80-c02db8e2b321,/ˈɡɑːrdn/,,b3335777-dc5f-5448-a777-923e6115c08c,false
0635aaf0-743d-5135-969b-51ba0d0ea06a,aa622e5a-89c1-56ee-941b-5fcd243b4b20,ac1edc3b-12f9-5774-b9af-0cd90d10e74a,/ˈteɪbl/,,b3335777-dc5f-5448-a777-923e6115c08c,false
56a815da-555d-51ba-b717-a684231f3043,07a818ed-baa2-531f-b1b2-f3c6f728887c,2628492b-2e66-5114-a0cd-3d2c20550c3a,/tʃer/,,b3335777-dc5f-5448-a777-923e6115c08c,false
b660e239-6499-5e6d-afa8-f12979cc4130,8ceb46b7-1ef5-57a3-9687-5baf2cf56588,3e0354f7-edc7-52ec-bfd5-2d1c3d2a7e08,/hɔːl/,,b3335777-dc5f-5448-a777-923e6115c08c,false
4351c68b-04de-5e5f-a308-18df69608bee,4edebdaf-cd65-5cb3-aed5-452c5f4286e7,50e7edee-0e71-5f2f-a891-79fd91fd69ab,/ruːf/,,b3335777-dc5f-5448-a777-923e6115c08c,false
efcc880e-4d5b-5957-80bb-ed9487af652a,5e40264d-2b46-59f0-bb43-cce672e7aac4,28783f02-bf7d-5a98-a195-da9227a2328b,/bed/,,b3335777-dc5f-5448-a777-923e6115c08c,false
9ea21578-dba9-5059-9808-44ef4db4b0e5,94132665-bc60-5e8c-8d63-40069c39778e,cf6ef38b-038a-5963-a4c2-7c215991126e,/jɑːrd/,,b3335777-dc5f-5448-a777-923e6115c08c,false
42586789-a224-5a32-aa4f-f03f568a30f0,79482d76-d0a8-56c2-9371-da200cf67baa,f6f7609c-979f-5203-906d-1bd5335371c5,/ˈfɜːrnɪtʃər/,,b3335777-dc5f-5448-a777-923e6115c08c,false
73c8be69-11f1-5959-b61c-1cb3f4c199c3,63008320-0403-5a1b-91b2-733d2f2d344b,0bea869e-55d5-5432-8492-fab23f31a7d7,/ˈsiːlɪŋ/,,b3335777-dc5f-5448-a777-923e6115c08c,false
b60809dd-1c28-5690-81eb-e5376c20d8c6,39f02ac7-4ea4-5fb4-8a60-741474839c94,fa8e1c15-49dd-5896-ae6b-50b3268f1f51,/desk/,,b3335777-dc5f-5448-a777-923e6115c08c,false
e5e44791-bd26-592f-9fbc-cddccabb32cb,0b497720-d034-5775-9bdf-53f7711fb0e6,821d3dbb-8437-5380-ab95-e010784c056b,/laɪt/,,b3335777-dc5f-5448-a777-923e6115c08c,false
8cb89c9d-a4b6-597b-939d-f747fa9a2165,cf9ab3a3-df9d-5b34-8cab-1d7620084c19,bd52f273-01cb-58c1-95e2-e426cd2b7657,/ˈentrəns/,,b3335777-dc5f-5448-a777-923e6115c08c,false
da8a88cf-6957-556a-a793-d5e7c90be61c,aff33913-d8df-5f15-82ed-fe5d42c20062,b9696101-7cce-54dc-a5a1-dc68debe1d4a,/ɡəˈrɑːʒ/,,b3335777-dc5f-5448-a777-923e6115c08c,false
5ab72ff9-f173-5a3c-aa05-b58454522a09,83901906-f99a-5001-ba88-d40981e858ac,facb9455-ee61-59c3-a2c8-2d1134657c98,/ʃelf/,,b3335777-dc5f-5448-a777-923e6115c08c,false
b742ac8e-ecb9-56e8-911e-ded97c0e5b81,3cf05b34-27f1-5512-8153-2348bf3c5785,db37b4c7-cdf7-54f3-b0a3-bf7ca614a41e,/kiː/,,b3335777-dc5f-5448-a777-923e6115c08c,false
ae30d7f8-4eb9-5e11-b4af-e9f52055bd8d,43142705-735b-5b38-bf1c-aaf8c586b269,6117a01c-3a8a-517b-9785-75a8156bf93b,/ˈmɪrər/,,b3335777-dc5f-5448-a777-923e6115c08c,false
9873d1c2-3b24-5a2a-971a-eed12fd01c62,9de50056-5b8a-5899-8efc-afb6c7708e81,bc770f57-02cb-5102-a533-187888350484,/ˈkɑːrpɪt/,,b3335777-dc5f-5448-a777-923e6115c08c,false
02fa8576-83e3-5886-a839-51038d78c608,fae465ed-fd4c-538b-9284-4a399367e28e,be9dca37-5b5b-5e38-8eed-8398b73fdc35,/læmp/,,b3335777-dc5f-5448-a777-923e6115c08c,false
d642d28b-ff4f-51c3-b8d7-466a1988e6c6,62ccba66-63e1-5e8f-a26c-383f842b0a11,fff00b10-9f9f-5939-a689-b166d010f7f2,/lɑːk/,,b3335777-dc5f-5448-a777-923e6115c08c,false
31b1e790-e4ee-5236-88e8-29870adabf27,f160e2e6-d37c-515d-a85e-2f93c574cebd,485a271d-db79-53d8-94d3-453525035d29,/ˈʃaʊər/,,b3335777-dc5f-5448-a777-923e6115c08c,false
9c86bf8b-2c1c-5c97-802a-574516044e92,5e04d42f-7db0-5762-a0be-3415d042cc9c,f4f5f7d2-f617-52c9-9573-821b8760381b,/ˈkæbɪnət/,,b3335777-dc5f-5448-a777-923e6115c08c,false
533fdaca-7a6f-524c-a52f-00b2332f83d7,c2dde21f-2525-5d0c-929c-5008374ea58e,be53a7fa-e882-5845-b0b7-c2f2710747d8,/ˈkɜːrtn/,,b3335777-dc5f-5448-a777-923e6115c08c,false
f176985f-fdd7-5918-8fca-a65168ec564f,22af4c99-013f-53f3-a623-72dfb37ef284,3573551b-5f6f-5814-804d-144f3a92ca50,'bælkәni,,20bba4df-8a16-5e63-b73e-951692d95379,false
0e685343-d0b6-59c0-ac3a-7958223d0e27,08e9e5ad-237a-57a8-b2b7-190cac42a972,abacf929-c9b5-5085-bf71-74ab473fc856,/ˈtɔɪlət/,,b3335777-dc5f-5448-a777-923e6115c08c,false
0e9e9b3d-266b-58c3-931c-378217363636,3f116456-fbaa-5b43-8ae2-6dd1c23f77c6,60446f91-64ef-5646-91fe-d0feaf5831e8,'klɒzit,,20bba4df-8a16-5e63-b73e-951692d95379,false
420db96a-83f3-5295-ba5f-7da75960c29d,10556924-fc5e-5b0d-929a-7972d0753a37,bdfa0d4e-3a50-50ac-8d6d-560aa48c9d9c,'drɒ:ә,,20bba4df-8a16-5e63-b73e-951692d95379,false
50c1740b-69bd-531d-b20c-36344ad218bc,814d57e5-1cce-5f7f-bb93-753b8cbe4896,13ff5cbd-b3ff-58f9-be7a-9a057e50a121,kautʃ,,20bba4df-8a16-5e63-b73e-951692d95379,false
2750cf3e-6e07-59da-8a5f-b67bf3cd2653,6e316533-0046-5757-bb63-6046f9193b87,92a4eba4-9647-51f0-a1e5-dacfc3120f07,'wɒ:drәub,,20bba4df-8a16-5e63-b73e-951692d95379,false
7f3d0a44-8132-5cf4-bb2a-043036c8cacc,c3310f75-548c-56f1-b0a5-d30b04078ead,cc42946e-04e2-5c81-93ff-755711ec1eb3,'sәufә,,20bba4df-8a16-5e63-b73e-951692d95379,false
62a46a25-4269-5d4c-bb14-dffaefd94a44,6edc2e32-b119-547a-a154-5c84db1c0738,e5eb51fc-589d-5de4-95ef-f69798950514,/ˈblæŋkɪt/,,b3335777-dc5f-5448-a777-923e6115c08c,false
c2208b59-3eed-5948-8c08-01eab278c0b7,cd129625-4c58-598d-b550-7c1d225d9a06,a1d71cd6-efc8-56ba-929c-9ccbe0e8a8c8,'pilәu,,20bba4df-8a16-5e63-b73e-951692d95379,false
3e43b751-6574-5860-ba80-d32dd53d8932,6c0e2959-e901-5c98-aa38-63daa199beaa,1808e73c-bfa8-54fe-887b-5a9968e5ac09,'mætris,,20bba4df-8a16-5e63-b73e-951692d95379,false
45947e8b-4774-59f6-bae5-2237bb769b20,313bc46c-5adc-52d9-94a1-ea25a037017f,a8ea1c95-01ae-5057-81f8-4409cf602f64,/kʌp/,,b3335777-dc5f-5448-a777-923e6115c08c,false
93a70924-cc2c-5660-8920-03c70503117d,01ceabba-ba56-5378-9fc4-0ee8f44c043b,29c332d7-3a49-5787-9d57-768be089b097,/ɡlæs/,,b3335777-dc5f-5448-a777-923e6115c08c,false
7bed8055-82ec-5553-9dd1-c0975cd12c16,2cdb3814-6b80-5a57-a69b-b66805aa2456,76121aaf-3118-575b-b0a2-cb8ef52c2d81,/ˈɑːbdʒɪkt/,,b3335777-dc5f-5448-a777-923e6115c08c,false
432ed839-55a8-518f-8ab4-d4fec048c486,f08c5c97-4cd2-5139-af05-d8b46cecba6b,9eae686b-e2ac-52f8-96d4-d2e5211f06d7,/θɪŋ/,,b3335777-dc5f-5448-a777-923e6115c08c,false
6cc80505-1496-5a38-8ff6-6458404d3c72,e12064bf-98b7-54e6-9ad7-ccefb43f1fba,af2adaf9-f92c-5b26-9316-155cbf59aeb1,/bɑːks/,,b3335777-dc5f-5448-a777-923e6115c08c,false
24c90278-6412-55bb-9cf4-e8dfae2aeee5,084baeff-1bfd-5b0c-a395-97d6d55be018,043a44f7-5e86-5d72-8d2a-0be91ec50c2d,/bæɡ/,,b3335777-dc5f-5448-a777-923e6115c08c,false
031c5632-a495-5d10-8da4-3480e2bc319c,c387e3c1-466e-5244-915f-f54f2660837b,3d9ca351-58f6-500f-bc0f-4920217bd308,/ˈbɑːtl/,,b3335777-dc5f-5448-a777-923e6115c08c,false
ef1fd2a2-07dd-5df4-a02f-a395f17df70b,f0bc7598-2050-5228-81c5-52b74f1fbdd5,d72f5974-0fe6-5201-ab69-c00e17c4de24,/naɪf/,,b3335777-dc5f-5448-a777-923e6115c08c,false
f21ad019-46f9-5fcd-a724-2ceb18ac7d26,7993f2f9-901d-5982-adb7-d060aba31972,1ce943f7-0587-512d-92c4-d5d3fe7cc08f,/ˈtelɪvɪʒn/,,b3335777-dc5f-5448-a777-923e6115c08c,false
145bd03c-4517-5bfb-a2d7-1b25b5a8a07e,c61431d4-d063-50f2-b293-a5b3c3b3c117,4e31994e-d60f-5cca-bc5c-127665b1691f,/dɪʃ/,,b3335777-dc5f-5448-a777-923e6115c08c,false
baf4b03b-b7cb-5a07-8de7-ad48739d545f,25e24628-0525-535a-9033-5c0b948cc182,5d22e84f-c938-50e7-918c-08315568619f,/kəmˈpjuːtər/,,b3335777-dc5f-5448-a777-923e6115c08c,false
23253ab6-2186-5fe9-92e0-b2279be8d84d,9f70ca98-f480-5c8b-8b1f-3d2fb7039007,bd4498c3-9c24-5711-b706-16a7fef62636,/pleɪt/,,b3335777-dc5f-5448-a777-923e6115c08c,false
19cd0d66-b93f-5282-b7b6-42bb2ae3427e,d734697e-1006-5bcb-a990-d8e821360538,84d8676f-0cda-5c55-b0a8-7f1ecee97a9b,/fəʊn/,,b3335777-dc5f-5448-a777-923e6115c08c,false
1dbdc71f-2b0f-553c-9946-9377705fa001,e3177b8d-5e3a-5b92-bb0d-7a27b81824ce,78c5a796-46ad-58bb-b9eb-0a3c35724818,/bəʊl/,,b3335777-dc5f-5448-a777-923e6115c08c,false
4bbc1cf8-91bc-5218-8302-369ee80ddd18,1f16d54c-c029-5bc3-b5f9-de9b096055b1,54397d1c-217e-5203-b81e-a8095a484ad1,/klɑːk/,,b3335777-dc5f-5448-a777-923e6115c08c,false
1a9d1324-e25c-5658-9df2-f09c87bcf385,e04b2858-289b-57e9-a9c8-32d5863f42bb,395628aa-0e09-528d-a863-b4bd1e5bfd5c,/ˈtaʊəl/,,b3335777-dc5f-5448-a777-923e6115c08c,false
99de3fde-02e9-5aab-953e-cdc4aea6ef82,8a7ffd33-6718-5094-b1ce-2a12b725d400,00f98913-7627-5f23-b9b9-e3e0888b1724,/spuːn/,,b3335777-dc5f-5448-a777-923e6115c08c,false
39269fe1-71fc-5e88-957f-78b6f7b4b916,064d865d-fe88-5dec-8a42-1fc0b9ab1d27,bd6f02e9-0b78-5a58-b189-2e0bafab05f1,/ˈkæri/,,b3335777-dc5f-5448-a777-923e6115c08c,false
eb3170b0-65ac-5d38-8986-d3c71d7b6a5a,5a312071-3949-57ca-8fce-85dc7e16e0e6,14326a65-1325-5f40-bd88-112ca54f0a68,/fɔːrk/,,b3335777-dc5f-5448-a777-923e6115c08c,false
5a9711b2-9327-5e91-9a40-08402ada1bcc,ff847689-fc44-5837-92d0-bc209c98a6a3,b60e3677-eb65-5c4b-b501-c411445a032b,/pɑːt/,,b3335777-dc5f-5448-a777-923e6115c08c,false
4c11005a-e795-560d-8012-d208e43a398f,edcf0c9a-573f-5fff-97f2-6754e696b8c8,38339116-bfe9-5e8a-9ad6-966235b5c0cb,/pʊt/,,b3335777-dc5f-5448-a777-923e6115c08c,false
303ac70e-5ae7-59b6-84b7-d5f6373d3632,d983e372-ebfd-5b0a-ab6d-e1e6cf93b269,186a8908-8616-5f13-be8d-c35fc82d0d40,/kiːp/,,b3335777-dc5f-5448-a777-923e6115c08c,false
b7d2e896-5aa2-5d62-bf05-232e800b3104,d4f34d52-0908-50c2-a547-fc46086fe3e7,a9c8a60d-d533-50e6-81ff-208c58e178b5,/kliːn/,,b3335777-dc5f-5448-a777-923e6115c08c,false
c297de5b-3d9e-565a-b4b8-8ae0fb892513,a717bda0-aa71-565b-970b-9e0be01e405d,e41acab7-29ad-5332-a22d-ddd58491371a,/pæn/,,b3335777-dc5f-5448-a777-923e6115c08c,false
4db42ed3-2400-595e-a910-8838b6d69815,0c02ad94-9b78-50d4-9278-fc337fde99dd,2b3a7d07-e381-5801-9a40-fcf9ca8a3a5f,/ˈəʊpən/,,b3335777-dc5f-5448-a777-923e6115c08c,false
10ddb659-7ea9-5970-9675-851dfe662765,07f98e2a-5567-5ffd-a60f-e45a879cef1d,1c416ba5-b361-5d7a-a275-00df117c4efa,/səʊp/,,b3335777-dc5f-5448-a777-923e6115c08c,false
3c7c76aa-1867-5517-8d20-f56a13e8d954,14c576c9-7319-5a42-becc-2ba095eac4c0,2fe546f1-a3ad-51a6-b787-7723b73baaf0,/brʌʃ/,,b3335777-dc5f-5448-a777-923e6115c08c,false
2dcad96f-b738-58c0-ac85-914874b97dc2,20f47393-1f65-5240-a95d-c9ae09d40e23,ed6777b0-b091-5ae9-9c69-efdced3ed10a,/frɪdʒ/,,b3335777-dc5f-5448-a777-923e6115c08c,false
bf7561bf-309b-5585-9f51-96f363625b23,7f99c11e-7bba-54a1-b121-ad98e251189e,b222da87-ad35-5af3-a97b-fe79d711e640,/juːz/,,b3335777-dc5f-5448-a777-923e6115c08c,false
63c2c51f-10f5-5372-bdce-8c692924a87c,84e0914a-175b-5507-bbe7-98d8c7e4b046,d5575035-88c6-551e-b8dd-45de6019d133,/niːd/,,b3335777-dc5f-5448-a777-923e6115c08c,false
33d1aeaa-6c78-5750-89e0-215b3d0b3d73,ea31f02e-a17c-554b-8cd2-fe0b40abb618,bc42250d-e9b0-5548-8520-507905032ee7,/ˈwɔːtər/,,b3335777-dc5f-5448-a777-923e6115c08c,false
1b98b6d2-bcb4-59ca-9d0c-f52f0a7f13c0,7e6b2bb1-3a64-591b-9ae5-36903309a56f,e1d0b281-bd1d-5357-8c29-6bf28b878198,/wɑːʃ/,,b3335777-dc5f-5448-a777-923e6115c08c,false
a6f94583-7088-51a9-b8b5-7f18016e0981,9841fbff-ea14-5f8b-8d80-85930d07cb0c,d138c02e-250d-5173-81f2-a28ae44637f6,/kʊk/,,b3335777-dc5f-5448-a777-923e6115c08c,false
f53c5e42-a26c-586b-9409-5a46e8c5a3ee,c776fae1-9f82-5f8a-a445-e37dd3a4c364,5215b60d-5cd3-5a42-a3eb-0a623e84c11f,/ˈʌvn/,,b3335777-dc5f-5448-a777-923e6115c08c,false
43144062-0bbb-53af-9b74-25f8f4682613,3f354b3c-cb33-585b-953b-bd165b3254f7,6f1fdc81-f614-5260-a096-1c9d093de999,/muːv/,,b3335777-dc5f-5448-a777-923e6115c08c,false
af58d85f-92d1-54eb-bd5f-f426b0c87851,071f200f-b1a6-5478-aee0-bf9b280683ac,6d0a7cba-1364-5548-b3aa-3c0d577e9868,/əʊn/,,b3335777-dc5f-5448-a777-923e6115c08c,false
adf86aab-5e1e-52da-86b1-255a758868fd,9266878e-cd95-564e-ba26-54763d8f6cac,dc445442-7ec6-5d43-bf3c-6022e778dfcb,/rɪˈper/,,b3335777-dc5f-5448-a777-923e6115c08c,false
ee9f90e4-bb1c-5bc0-bc06-ac714e78586e,411b65b0-41cc-58a4-a67e-cda68f8180cd,81510652-c6de-5075-8fc1-0f2ea93237e3,/ɪˌlekˈtrɪsəti/,,b3335777-dc5f-5448-a777-923e6115c08c,false
9d95b119-65a1-59b5-b169-45412fa8fb1a,8ae2bebe-efb0-587a-a9c7-4b541c3e1c60,b95b0ea1-6fe5-5911-9a67-f26885036a1d,/fɪks/,,b3335777-dc5f-5448-a777-923e6115c08c,false
3b706d2f-ba80-5a39-9531-53e7191b0ff0,9137fd80-8ddc-5cfc-b386-2b65c742072a,f8384550-fef8-5c67-ab11-463e0ad8888d,/ˈbæskɪt/,,b3335777-dc5f-5448-a777-923e6115c08c,false
854f3e56-5b52-56b8-a898-7c40d09e2e75,9dd56963-4091-5cfc-8598-c9328312663a,6635203e-9ad1-5faa-a561-4932d0f5c1e3,/ˈkʌmftəbl/,,b3335777-dc5f-5448-a777-923e6115c08c,false
7016ede4-3e9a-560f-8f95-2fe8eae455bf,5a288564-bbf5-538d-8a9b-2ca79b8a619a,c6457a5d-be5a-5773-869a-d3cf856d2e5f,/seɪf/,,b3335777-dc5f-5448-a777-923e6115c08c,false
156f46aa-5010-5d24-814c-470d3c0d796d,cfa6cc5c-6913-59af-b09e-89a6239d72a2,4e5508d3-8261-59db-a090-20056046533f,/rent/,,b3335777-dc5f-5448-a777-923e6115c08c,false
66ab18af-7ecb-5683-82f4-3af5194568c5,57e8ebea-ff88-5b5d-a295-e527f0b780ff,30ebfa46-fded-591b-a067-6c880f089f9b,ri'fridʒәreitә,,20bba4df-8a16-5e63-b73e-951692d95379,false
25b9a56d-00d5-5004-9b5b-724c89d35a56,0a5202dd-06ae-52ee-afe7-4ad03b389f0b,28aec5ee-e0db-58bb-b954-41d155a94b31,stәuv,,20bba4df-8a16-5e63-b73e-951692d95379,false
